File,Line,ID,Message
code/analysis/package_input.m,4,ISCL,"To improve performance, use 'isscalar' instead of length comparison."
code/analysis/test_release.m,95,STCI,"Use STRCMPI(str1,str2) instead of using UPPER/LOWER in a call to STRCMP."
code/analysis/validate_inputs.m,9,STCI,"Use STRCMPI(str1,str2) instead of using UPPER/LOWER in a call to STRCMP."
code/analysis/host/compute_residual_microbiome_stats.m,1,INUSD,"Input argument might be unused. Consider replacing the argument with ~ instead."
code/analysis/host/compute_residual_microbiome_stats.m,201,DEFNU,"Function might be unused."
code/analysis/host/flow_adaptive.m,17,AGROW,"Variable appears to change size on every loop iteration. Consider preallocating for speed."
code/analysis/host/flow_adaptive.m,39,AGROW,"Variable appears to change size on every loop iteration. Consider preallocating for speed."
code/analysis/host/flow_adaptive.m,52,NASGU,"Value assigned to variable might be unused."
code/analysis/host/flow_innate.m,18,AGROW,"Variable appears to change size on every loop iteration. Consider preallocating for speed."
code/analysis/host/flow_innate.m,41,AGROW,"Variable appears to change size on every loop iteration. Consider preallocating for speed."
code/analysis/host/generate_host_figures.m,98,INUSD,"Input argument might be unused. Consider replacing the argument with ~ instead."
code/analysis/host/generate_host_figures.m,98,INUSD,"Input argument might be unused. Consider replacing the argument with ~ instead."
code/analysis/host/generate_host_figures.m,239,INUSD,"Input argument might be unused. Consider replacing the argument with ~ instead."
code/analysis/host/generate_host_figures.m,239,INUSD,"Input argument might be unused. Consider replacing the argument with ~ instead."
code/analysis/manuscript_draft/generate_draft42_phylogeny_supplement.m,4,NASGU,"Value assigned to variable might be unused."
code/analysis/phylogeny_resolution/audit_recombination_stability.m,3,NASGU,"Value assigned to variable might be unused."
code/analysis/phylogeny_resolution/build_mummer_coordinate_alignment.m,6,NASGU,"Value assigned to variable might be unused."
code/analysis/phylogeny_resolution/finalize_coordinate_alignment.m,3,NASGU,"Value assigned to variable might be unused."
code/analysis/phylogeny_resolution/prepare_final_tree_tests.m,4,NASGU,"Value assigned to variable might be unused."
code/analysis/phylogeny_resolution/prepare_genome_coordinate_check.m,3,NASGU,"Value assigned to variable might be unused."
code/analysis/phylogeny_resolution/run_coordinate_recombination.m,3,NASGU,"Value assigned to variable might be unused."
code/analysis/phylogeny_resolution/run_final_tree_test.m,3,NASGU,"Value assigned to variable might be unused."
