Expected	Actual	Reference_provenance
expected/numerical/primary_terminal_event_zero_scores.csv	results/tables/mouse_weight_survival_reanalysis/primary_terminal_event_zero_scores.csv	Verified study reference snapshot: primary_terminal_event_zero_scores.csv
expected/numerical/coinfection_survival_comparisons.csv	results/tables/mouse_weight_survival_reanalysis/coinfection_survival_comparisons.csv	Verified study reference snapshot: coinfection_survival_comparisons.csv
expected/numerical/figure1_protection_effects.csv	results/tables/main/figure1_protection_effects.csv	Verified study reference snapshot: figure1_protection_effects.csv
expected/numerical/figure1_focused_qpcr_observations.csv	results/tables/main/figure1_focused_qpcr_observations.csv	Verified study reference snapshot: figure1_focused_qpcr_observations.csv
expected/numerical/figure2_focal_monocolonization_cfu.csv	results/tables/main/figure2_focal_monocolonization_cfu.csv	Verified study reference snapshot: figure2_focal_monocolonization_cfu.csv
expected/numerical/figure2_ranked_candidate_scores.csv	results/tables/main/figure2_ranked_candidate_scores.csv	Verified study reference snapshot: figure2_ranked_candidate_scores.csv
expected/numerical/figure3_extracellular_global_tests.csv	results/tables/main/figure3_extracellular_global_tests.csv	Verified study reference snapshot: figure3_extracellular_global_tests.csv
expected/numerical/figure3_st175_st168_matched_tests.csv	results/tables/main/figure3_st175_st168_matched_tests.csv	Verified study reference snapshot: figure3_st175_st168_matched_tests.csv
expected/numerical/figure3_extracellular_plsda_component_variance.csv	results/tables/main/figure3_extracellular_plsda_component_variance.csv	Verified study reference snapshot: figure3_extracellular_plsda_component_variance.csv
expected/numerical/figure3_intracellular_background_screen.csv	results/tables/main/figure3_intracellular_background_screen.csv	Verified study reference snapshot: figure3_intracellular_background_screen.csv
expected/numerical/figure5_rag1_protection_model_effects.csv	results/tables/main/figure5_rag1_protection_model_effects.csv	Verified study reference snapshot: figure5_rag1_protection_model_effects.csv
expected/numerical/figure5_residual_microbiome_summary.csv	results/tables/main/figure5_residual_microbiome_summary.csv	Verified study reference snapshot: figure5_residual_microbiome_summary.csv
expected/numerical/figureS3_amino_leave_one_well_out.csv	results/tables/main/figureS3_amino_leave_one_well_out.csv	Verified study reference snapshot: figureS3_amino_leave_one_well_out.csv
expected/numerical/figureS3_amino_nonamino_specificity.csv	results/tables/main/figureS3_amino_nonamino_specificity.csv	Verified study reference snapshot: figureS3_amino_nonamino_specificity.csv
expected/numerical/figure4_phylogeny_aligned_traits.csv	results/tables/main/figure4_phylogeny_aligned_traits.csv	Verified study reference snapshot: figure4_phylogeny_aligned_traits.csv
expected/numerical/figure4_focused_architecture.csv	results/tables/main/figure4_focused_architecture.csv	Verified study reference snapshot: figure4_focused_architecture.csv
expected/numerical/figureS3_amino_bootstrap.csv	results/tables/main/figureS3_amino_bootstrap.csv	Verified study reference snapshot: figureS3_amino_bootstrap.csv
expected/numerical/figure4_association_statistics.csv	results/tables/main/figure4_association_statistics.csv	Verified study reference snapshot: figure4_association_statistics.csv
expected/numerical/figure4_class_associations.csv	results/tables/main/figure4_class_associations.csv	Verified study reference snapshot: figure4_class_associations.csv
expected/numerical/figureS3_amino_nonamino_joint_model.csv	results/tables/main/figureS3_amino_nonamino_joint_model.csv	Verified study reference snapshot: figureS3_amino_nonamino_joint_model.csv
expected/numerical/figureS3_named_focused_pm1_calls.csv	results/tables/main/figureS3_named_focused_pm1_calls.csv	Verified study reference snapshot: figureS3_named_focused_pm1_calls.csv
expected/numerical/figure4_phylogenetic_signal.csv	results/tables/main/figure4_phylogenetic_signal.csv	Verified study reference snapshot: figure4_phylogenetic_signal.csv
expected/numerical/figure4_disease_adjusted_model.csv	results/tables/main/figure4_disease_adjusted_model.csv	Verified study reference snapshot: figure4_disease_adjusted_model.csv
expected/numerical/figure4_focal_patristic_distance.csv	results/tables/main/figure4_focal_patristic_distance.csv	Verified study reference snapshot: figure4_focal_patristic_distance.csv
expected/numerical/figureS3_amino_leave_one_strain_out.csv	results/tables/main/figureS3_amino_leave_one_strain_out.csv	Verified study reference snapshot: figureS3_amino_leave_one_strain_out.csv
expected/numerical/figure4_tree_tip_order.csv	results/tables/main/figure4_tree_tip_order.csv	Verified study reference snapshot: figure4_tree_tip_order.csv
expected/numerical/model_comparisons.csv	results/analyses/2026-09-19_phylogeny_adjusted_amino_access/model_comparisons.csv	Verified study reference snapshot: model_comparisons.csv
expected/numerical/bootstrap_summary.csv	results/analyses/2026-09-19_phylogeny_adjusted_amino_access/bootstrap_summary.csv	Verified study reference snapshot: bootstrap_summary.csv
expected/numerical/held_out_predictions.csv	results/analyses/2026-09-19_phylogeny_adjusted_amino_access/held_out_predictions.csv	Verified study reference snapshot: held_out_predictions.csv
expected/numerical/figureS5_fecal_cfu_observations.csv	results/tables/main/figureS1_fecal_cfu_observations.csv	Verified study reference snapshot: figureS5_fecal_cfu_observations.csv
expected/numerical/figureS5_fecal_cfu_global_tests.csv	results/tables/main/figureS1_fecal_cfu_global_tests.csv	Verified study reference snapshot: figureS5_fecal_cfu_global_tests.csv
expected/numerical/figureS5_fecal_cfu_score_associations.csv	results/tables/main/figureS1_fecal_cfu_score_associations.csv	Verified study reference snapshot: figureS5_fecal_cfu_score_associations.csv
expected/numerical/figureS5_fecal_cfu_strain_summary.csv	results/tables/main/figureS1_fecal_cfu_strain_summary.csv	Verified study reference snapshot: figureS5_fecal_cfu_strain_summary.csv
