Category	Role	Proposed_package_path	Provenance	SHA256	Bytes	Original_SHA256
Mouse screens	analysis	input/mouse/Virulence_screen_clean_table.csv	Vishwas GitHub snapshot 4cb8408438b62d88605c640e3248899f58dd264b; Kevin mouse experiments	4866df95279c14d793e5be1e158dc725569391cfbd18cd7c1155d6dd828419ab	115233	4866df95279c14d793e5be1e158dc725569391cfbd18cd7c1155d6dd828419ab
Mouse screens	analysis	input/mouse/ProtectionScreen_CDI_mouse.csv	Vishwas GitHub snapshot 4cb8408438b62d88605c640e3248899f58dd264b; Kevin mouse experiments	33466e7143f81f368ce92933cbb3629166367acb97715abfd32f18a01062f25e	72766	33466e7143f81f368ce92933cbb3629166367acb97715abfd32f18a01062f25e
KS65	analysis	input/qpcr/weights.xlsx	Vishwas GitHub snapshot; Kevin KS65	bbc2d7de61a753eb793f4c4661b481dfc8fbabee64d63ee7b616be6b06570d8c	7320	3955a5d656e8e2485d5e8e16e7c5e6aacdf6dedee2505e1c76eb680bbc1690ab
KS65	analysis/calibration trace	input/qpcr/Analysis/KS65.xlsx	Kevin KS65 files supplied by Vishwas on shared drive	cca31c192465c8379c9b6106b80c63eed2489dd02e26f1813e14aa4cc5ade6ad	18486	e4900b15b371d59ab3a04df2536b222a0a61dbe50102b71d67684c76c4608469
KS65	analysis/calibration trace	input/qpcr/qPCR Raw data/20210201_KS65_3599_7_504_3.xlsx	Kevin KS65 files supplied by Vishwas on shared drive	2035ea4b50d1b17865e544ed7dc9e393ee01f4c8a5ae9ac41381c7113d13b9a0	3731529	2035ea4b50d1b17865e544ed7dc9e393ee01f4c8a5ae9ac41381c7113d13b9a0
KS65	analysis/calibration trace	input/qpcr/qPCR Setup/qPCR_20210201.xlsx	Kevin KS65 files supplied by Vishwas on shared drive	7a5c024c33ff25d3cacc9f300343aae6cf5b814ab296cc49cdbf0f4dc02801f1	11948	deaaef0d7ced0f231fb4bf5d9dcceff62ef223af724b502e11055bb6440ad807
GC-MS	analysis	input/gcms/intra.xlsx	Vishwas Mishra supplied dissertation dataset: Chapter 7/GCMS/intra.xlsx; byte-identical verified	7f43630d881661eb8a9f4343b4fc1852a4bb0a6e810eb7d3c69ce7ee4ef1143d	7900	7f43630d881661eb8a9f4343b4fc1852a4bb0a6e810eb7d3c69ce7ee4ef1143d
GC-MS	analysis	input/gcms/secretome.xlsx	Vishwas Mishra supplied dissertation dataset: Chapter 7/GCMS/secretome.xlsx; byte-identical verified	3fa9be1710f16581e5ba0f6a5c3709f4a31034e0cfb55b5315e75df607c06c51	5425	3fa9be1710f16581e5ba0f6a5c3709f4a31034e0cfb55b5315e75df607c06c51
BIOLOG raw PM1	analysis	input/biolog/plates/ST1-11/ST1-11_PM1.xlsx	Vishwas GitHub snapshot 4cb8408438b62d88605c640e3248899f58dd264b	7eaf4b8d8c1746c43f47ec5c3fa16c22e410af058fbc39c639066954c21f4962	95981	7eaf4b8d8c1746c43f47ec5c3fa16c22e410af058fbc39c639066954c21f4962
BIOLOG raw PM1	analysis	input/biolog/plates/ST1-12/ST1-12_PM1_1.xlsx	Vishwas GitHub snapshot 4cb8408438b62d88605c640e3248899f58dd264b	55149209830185ffb18daf3786271875ceaf40049b1ced277663202d112acd3c	130446	55149209830185ffb18daf3786271875ceaf40049b1ced277663202d112acd3c
BIOLOG raw PM1	analysis	input/biolog/plates/ST1-12/ST1-12_PM1_2.xlsx	Vishwas GitHub snapshot 4cb8408438b62d88605c640e3248899f58dd264b	17a3fe1f37114f8ddde80ba8a57bd527f95a62f88d8c543843c529425d16b709	129363	17a3fe1f37114f8ddde80ba8a57bd527f95a62f88d8c543843c529425d16b709
BIOLOG raw PM1	analysis	input/biolog/plates/ST1-12/ST1-12_PM1_3.xlsx	Vishwas GitHub snapshot 4cb8408438b62d88605c640e3248899f58dd264b	c37f46c7936edbc06116d6d2770194b0b9e34ee16cd100f31015857fb388f3c1	129225	c37f46c7936edbc06116d6d2770194b0b9e34ee16cd100f31015857fb388f3c1
BIOLOG raw PM1	analysis	input/biolog/plates/ST1-19/ST1-19_PM1.xlsx	Vishwas GitHub snapshot 4cb8408438b62d88605c640e3248899f58dd264b	125f73391415954195168b84ad6b7d64984c6c46771b8c06c646d3db330fd589	187414	dbca671b6d4c068b39967682b64b7751125fc0dc050a8bd0490b409085ea8362
BIOLOG raw PM1	analysis	input/biolog/plates/ST1-2/ST1-2_PM1.xlsx	Vishwas GitHub snapshot 4cb8408438b62d88605c640e3248899f58dd264b	dd19ff73bb746d02d674e6fc6adf0c7f8ba59835ade8a903a7f4044b4195f602	49306	dd19ff73bb746d02d674e6fc6adf0c7f8ba59835ade8a903a7f4044b4195f602
BIOLOG raw PM1	analysis	input/biolog/plates/ST1-20/ST1-20_PM1.xlsx	Vishwas GitHub snapshot 4cb8408438b62d88605c640e3248899f58dd264b	f037ce5df392a74794b2e7d203898830784eeeab1e5562cf3289c3b55e45c436	649208	45457433ad8c01c1abbf3cbab12b0fa43289efed55cb5e71bc0aa8d497985ce2
BIOLOG raw PM1	analysis	input/biolog/plates/ST1-23/ST1-23_PM1.xlsx	Vishwas GitHub snapshot 4cb8408438b62d88605c640e3248899f58dd264b	40c4deece7c657a5f7311f02d2e4f32f70266a2769e1a4595193b6176b3f9915	76808	40c4deece7c657a5f7311f02d2e4f32f70266a2769e1a4595193b6176b3f9915
BIOLOG raw PM1	analysis	input/biolog/plates/ST1-25/ST1-25_PM1.xlsx	Vishwas GitHub snapshot 4cb8408438b62d88605c640e3248899f58dd264b	7d12644bcd81aac01cf06324b87ae2b77da6c9773c97ce2dc5fbf52d02807491	167164	7d12644bcd81aac01cf06324b87ae2b77da6c9773c97ce2dc5fbf52d02807491
BIOLOG raw PM1	analysis	input/biolog/plates/ST1-27/ST1-27_PM1.xlsx	Vishwas GitHub snapshot 4cb8408438b62d88605c640e3248899f58dd264b	a89f304653f2e192bcd6da519121e2592bfee04ec69e6ebb5e29d38960d79ad5	61828	a89f304653f2e192bcd6da519121e2592bfee04ec69e6ebb5e29d38960d79ad5
BIOLOG raw PM1	analysis	input/biolog/plates/ST1-49/ST1-49_PM1.xlsx	Vishwas GitHub snapshot 4cb8408438b62d88605c640e3248899f58dd264b	31bacdb5a8e349b5a9fbd563857376a4682679362eb4a36412ed0a8fea7bf41a	101710	31bacdb5a8e349b5a9fbd563857376a4682679362eb4a36412ed0a8fea7bf41a
BIOLOG raw PM1	analysis	input/biolog/plates/ST1-53/ST1-53_PM1.xlsx	Vishwas GitHub snapshot 4cb8408438b62d88605c640e3248899f58dd264b	d35241a977411191643620224d45665335dc5629b71be3c4b01bcc44e4bf42ed	87500	d35241a977411191643620224d45665335dc5629b71be3c4b01bcc44e4bf42ed
BIOLOG raw PM1	analysis	input/biolog/plates/ST1-57/ST1-57_PM1.xlsx	Vishwas GitHub snapshot 4cb8408438b62d88605c640e3248899f58dd264b	ca513627f4b7930307d28bdf7aa9351739691a167295b23eca62d315d92f87dd	175294	ca513627f4b7930307d28bdf7aa9351739691a167295b23eca62d315d92f87dd
BIOLOG raw PM1	analysis	input/biolog/plates/ST1-58/ST1-58_PM1.xlsx	Vishwas GitHub snapshot 4cb8408438b62d88605c640e3248899f58dd264b	017b24d47bb5d91f86f68a5f3466e605dc54d0f9ddacbabfdc5edc09621e1e25	111430	017b24d47bb5d91f86f68a5f3466e605dc54d0f9ddacbabfdc5edc09621e1e25
BIOLOG raw PM1	analysis	input/biolog/plates/ST1-6/ST1-6_PM1.xlsx	Vishwas GitHub snapshot 4cb8408438b62d88605c640e3248899f58dd264b	cec7bb19d83ab49c2ffa80e763e33945d8298519e7e17f157923d331a5e1e7fa	284586	cec7bb19d83ab49c2ffa80e763e33945d8298519e7e17f157923d331a5e1e7fa
BIOLOG raw PM1	analysis	input/biolog/plates/ST1-62/ST1-62_PM1.xlsx	Vishwas GitHub snapshot 4cb8408438b62d88605c640e3248899f58dd264b	b5474c5aee6825f280c337288464e605475cbc9bb587a392c345f436f2ce87ed	60481	b5474c5aee6825f280c337288464e605475cbc9bb587a392c345f436f2ce87ed
BIOLOG raw PM1	analysis	input/biolog/plates/ST1-63/ST1-63_PM1.xlsx	Vishwas GitHub snapshot 4cb8408438b62d88605c640e3248899f58dd264b	7d2285ffff4ff0f8937056a8be30b6fe75ba6f16f088d03f341abc9cc2e916de	95694	7d2285ffff4ff0f8937056a8be30b6fe75ba6f16f088d03f341abc9cc2e916de
BIOLOG raw PM1	analysis	input/biolog/plates/ST1-65/ST1-65_PM1.xlsx	Vishwas GitHub snapshot 4cb8408438b62d88605c640e3248899f58dd264b	6e6c656bb92b4d383bd7d6c933dc51a18674b68d2dbcda3b427f776773924216	69704	6e6c656bb92b4d383bd7d6c933dc51a18674b68d2dbcda3b427f776773924216
BIOLOG raw PM1	analysis	input/biolog/plates/ST1-66/ST1-66_PM1.xlsx	Vishwas GitHub snapshot 4cb8408438b62d88605c640e3248899f58dd264b	8e8cf39f25be5e1cf79e6b72c2828d981c64083a69dced533308a1b837df7810	154941	8e8cf39f25be5e1cf79e6b72c2828d981c64083a69dced533308a1b837df7810
BIOLOG raw PM1	analysis	input/biolog/plates/ST1-67/ST1-67_PM1.xlsx	Vishwas GitHub snapshot 4cb8408438b62d88605c640e3248899f58dd264b	4c4906573a2d4c169c85e6508e10fc515ebc8c4a76df2d858ecab03bac493f87	214723	4c4906573a2d4c169c85e6508e10fc515ebc8c4a76df2d858ecab03bac493f87
BIOLOG raw PM1	analysis	input/biolog/plates/ST1-68/ST1-68_PM1_1.xlsx	Vishwas GitHub snapshot 4cb8408438b62d88605c640e3248899f58dd264b	602edf416f0c88570884215a8c46404ee687b3237cd79fced3806984de656b3c	74497	602edf416f0c88570884215a8c46404ee687b3237cd79fced3806984de656b3c
BIOLOG raw PM1	analysis	input/biolog/plates/ST1-68/ST1-68_PM1_2.xlsx	Vishwas GitHub snapshot 4cb8408438b62d88605c640e3248899f58dd264b	4bf1baf102d380a0a78ae83bfbd20f9730f867f44909ac7d38ac921613ad180b	77787	4bf1baf102d380a0a78ae83bfbd20f9730f867f44909ac7d38ac921613ad180b
BIOLOG raw PM1	analysis	input/biolog/plates/ST1-68/ST1-68_PM1_3.xlsx	Vishwas GitHub snapshot 4cb8408438b62d88605c640e3248899f58dd264b	d896b58d9a1907128f01213262dfea1cce9b0285780ca11d90eb9bc001738aca	102635	d896b58d9a1907128f01213262dfea1cce9b0285780ca11d90eb9bc001738aca
BIOLOG raw PM1	analysis	input/biolog/plates/ST1-69/ST1-69_PM1.xlsx	Vishwas GitHub snapshot 4cb8408438b62d88605c640e3248899f58dd264b	fd7a4c4a89e3ea0b2d518dd9c75f035851f17c18a09c19094a1aefdddf43f301	92505	fd7a4c4a89e3ea0b2d518dd9c75f035851f17c18a09c19094a1aefdddf43f301
BIOLOG raw PM1	analysis	input/biolog/plates/ST1-75/ST1-75_PM1_1.xlsx	Vishwas GitHub snapshot 4cb8408438b62d88605c640e3248899f58dd264b	666903ddeda971f4b9e0f17841961dc6af70ddee63f5e2dbf2899e0eb1bbab01	136737	666903ddeda971f4b9e0f17841961dc6af70ddee63f5e2dbf2899e0eb1bbab01
BIOLOG raw PM1	analysis	input/biolog/plates/ST1-75/ST1-75_PM1_2.xlsx	Vishwas GitHub snapshot 4cb8408438b62d88605c640e3248899f58dd264b	ab2b18e3349d2cf0841e26c456d0562b2aac763b7b7c16365a3be3cd0437f2b2	116875	ab2b18e3349d2cf0841e26c456d0562b2aac763b7b7c16365a3be3cd0437f2b2
BIOLOG raw PM1	analysis	input/biolog/plates/ST1-75/ST1-75_PM1_3.xlsx	Vishwas GitHub snapshot 4cb8408438b62d88605c640e3248899f58dd264b	b1b7b34ab58c8f05e2a6784b0ca227fda40629f529e5bd101aa5ce5eccf2dbc0	57689	b1b7b34ab58c8f05e2a6784b0ca227fda40629f529e5bd101aa5ce5eccf2dbc0
BIOLOG raw PM1	analysis	input/biolog/plates/VPI/VPI_PM1_1.xlsx	Vishwas GitHub snapshot 4cb8408438b62d88605c640e3248899f58dd264b	d796d4fb7953f35e872b1dbff54d3e874cb248b1383aa6bd9b8830938b495a82	63246	d796d4fb7953f35e872b1dbff54d3e874cb248b1383aa6bd9b8830938b495a82
BIOLOG raw PM1	analysis	input/biolog/plates/VPI/VPI_PM1_2.xlsx	Vishwas GitHub snapshot 4cb8408438b62d88605c640e3248899f58dd264b	b821872e6fed2623fa622b053f71d22c4fb1194f202602cf6bc39b67d048b940	85402	b821872e6fed2623fa622b053f71d22c4fb1194f202602cf6bc39b67d048b940
BIOLOG raw PM1	analysis	input/biolog/plates/VPI/VPI_PM1_3.xlsx	Vishwas GitHub snapshot 4cb8408438b62d88605c640e3248899f58dd264b	72cf95aaa31d9fbc39fe180871210203ab9228cb2df529818dfa980d070bfc9b	88562	72cf95aaa31d9fbc39fe180871210203ab9228cb2df529818dfa980d070bfc9b
BIOLOG metadata	analysis	input/biolog/Biolog_names_sorted.xlsx	Vishwas supplied well/substrate map and chemical-class annotations	1a8a4dcf9bed683464d47e350223252d5dd862b4113334391ddcd55ae9e94fd9	7379	1a8a4dcf9bed683464d47e350223252d5dd862b4113334391ddcd55ae9e94fd9
BIOLOG metadata	analysis	input/biolog/moas.xlsx	Vishwas supplied well/substrate map and chemical-class annotations	115186c6207d6e63ae33cba9412840e2e533fa1f230fc28bb73098c0b2f2eb57	9461	0240b3aa89ebd3ffc974d9728d77ef174dd8d55211f3e9f1c2c5052c96e5f304
RAG1	analysis	input/mouse/KS11_rechallenge_relweight.xlsx	Vishwas GitHub snapshot; Kevin experiment	e4b36a191a63cd9b0f5ce9820fdd25b85f4723a2a4e273d00c88d57a72889980	10269	e4b36a191a63cd9b0f5ce9820fdd25b85f4723a2a4e273d00c88d57a72889980
Microbiota	analysis	input/microbiota/tblAbund.xls	Vishwas supplied genus-level abundance table with sample metadata	50199b93ff39d574a9a2989eabcfc8946ad6fe5965074b06f2e60b1d266a4b46	59904	50199b93ff39d574a9a2989eabcfc8946ad6fe5965074b06f2e60b1d266a4b46
Flow cytometry	analysis	input/flow/ks10_adaptive_csv_files/B_cells/Bcells_Specimen_001_6_B_cells.csv	Vishwas GitHub gated-event export; byte-identical verified; Kevin KS10	159c6b94f8867376c7deca86aafe360ee42cf27aee556b28290d9ea7339441a5	34153	159c6b94f8867376c7deca86aafe360ee42cf27aee556b28290d9ea7339441a5
Flow cytometry	analysis	input/flow/ks10_adaptive_csv_files/B_cells/Bcells_Specimen_001_12_B_cells.csv	Vishwas GitHub gated-event export; byte-identical verified; Kevin KS10	4bb1db778925fb2a5afdc21f23b4b6b639afeb0f4e4003205f781e720f0eacff	19368	4bb1db778925fb2a5afdc21f23b4b6b639afeb0f4e4003205f781e720f0eacff
Flow cytometry	analysis	input/flow/ks10_adaptive_csv_files/B_cells/Bcells_Specimen_001_7_B_cells.csv	Vishwas GitHub gated-event export; byte-identical verified; Kevin KS10	52e41708e708c997f5d29b66b37892ea0a7fb5185dcac6f9eeacf1e9d607e84f	8249	52e41708e708c997f5d29b66b37892ea0a7fb5185dcac6f9eeacf1e9d607e84f
Flow cytometry	analysis	input/flow/ks10_adaptive_csv_files/B_cells/Bcells_Specimen_001_1_B_cells.csv	Vishwas GitHub gated-event export; byte-identical verified; Kevin KS10	a87ff7212cc34663777d09be73e62613f9ef5a6513cf4f440115d3292704987c	50570	a87ff7212cc34663777d09be73e62613f9ef5a6513cf4f440115d3292704987c
Flow cytometry	analysis	input/flow/ks10_adaptive_csv_files/B_cells/Bcells_Specimen_001_13_B_cells.csv	Vishwas GitHub gated-event export; byte-identical verified; Kevin KS10	b58c090c4d0f5f69798e7e87d58ea378b618a28f9c95a82a14c3d992a804e78d	100530	b58c090c4d0f5f69798e7e87d58ea378b618a28f9c95a82a14c3d992a804e78d
Flow cytometry	analysis	input/flow/ks10_adaptive_csv_files/B_cells/Bcells_Specimen_001_11_B_cells.csv	Vishwas GitHub gated-event export; byte-identical verified; Kevin KS10	c747a9c81e554c7d51de84d6888f44e96133aab28acb9b6bef9fa72a7c7f3e4c	26139	c747a9c81e554c7d51de84d6888f44e96133aab28acb9b6bef9fa72a7c7f3e4c
Flow cytometry	analysis	input/flow/ks10_adaptive_csv_files/CD19negTCRbneg/CD19neg_TCRbneg_Specimen_001_12_CD19-TCRb-.csv	Vishwas GitHub gated-event export; byte-identical verified; Kevin KS10	8a95742395e61e82c979e2c00baf30ea1feea84358b84b66e5a452208db1044e	81513	8a95742395e61e82c979e2c00baf30ea1feea84358b84b66e5a452208db1044e
Flow cytometry	analysis	input/flow/ks10_adaptive_csv_files/CD19negTCRbneg/CD19neg_TCRbneg_Specimen_001_1_CD19-TCRb-.csv	Vishwas GitHub gated-event export; byte-identical verified; Kevin KS10	c10eb1d12fad360f87dbd8c1cfe582acdb03e77444d4fe8a84619e3f88216a37	122320	c10eb1d12fad360f87dbd8c1cfe582acdb03e77444d4fe8a84619e3f88216a37
Flow cytometry	analysis	input/flow/ks10_adaptive_csv_files/CD19negTCRbneg/CD19neg_TCRbneg_Specimen_001_7_CD19-TCRb-.csv	Vishwas GitHub gated-event export; byte-identical verified; Kevin KS10	da9633bdb401022c65a2c43f8b008d25ec0ab965df76cbc2a6fd463d95d3a45a	101377	da9633bdb401022c65a2c43f8b008d25ec0ab965df76cbc2a6fd463d95d3a45a
Flow cytometry	analysis	input/flow/ks10_adaptive_csv_files/CD19negTCRbneg/CD19neg_TCRbneg_Specimen_001_6_CD19-TCRb-.csv	Vishwas GitHub gated-event export; byte-identical verified; Kevin KS10	eacaf400a671e5e65384663fa381043f7d6339849464f81f1007601d7bad5727	148651	eacaf400a671e5e65384663fa381043f7d6339849464f81f1007601d7bad5727
Flow cytometry	analysis	input/flow/ks10_adaptive_csv_files/CD19negTCRbneg/CD19neg_TCRbneg_Specimen_001_11_CD19-TCRb-.csv	Vishwas GitHub gated-event export; byte-identical verified; Kevin KS10	ecbe547182580d0659f21ee3fac811612e22599e584cbabe4c437552925c8e7e	121755	ecbe547182580d0659f21ee3fac811612e22599e584cbabe4c437552925c8e7e
Flow cytometry	analysis	input/flow/ks10_adaptive_csv_files/CD19negTCRbneg/CD19neg_TCRbneg_Specimen_001_13_CD19-TCRb-.csv	Vishwas GitHub gated-event export; byte-identical verified; Kevin KS10	fdd4d0af4febbe9edbb8d0c830d89b39a37a5093e6a6bb6bda8a08110dea6976	202108	fdd4d0af4febbe9edbb8d0c830d89b39a37a5093e6a6bb6bda8a08110dea6976
Flow cytometry	analysis	input/flow/ks10_adaptive_csv_files/CD4pos/CD4_Specimen_001_7_CD4+.csv	Vishwas GitHub gated-event export; byte-identical verified; Kevin KS10	1ce17aa205afd72b6876fdab20c708bb08396278223612edd12981b5b214ce36	10578	1ce17aa205afd72b6876fdab20c708bb08396278223612edd12981b5b214ce36
Flow cytometry	analysis	input/flow/ks10_adaptive_csv_files/CD4pos/CD4_Specimen_001_6_CD4+.csv	Vishwas GitHub gated-event export; byte-identical verified; Kevin KS10	4a06680a52136259f650ffa3df7af60beb55acaff5f76976e5b6c69f20645bac	13847	4a06680a52136259f650ffa3df7af60beb55acaff5f76976e5b6c69f20645bac
Flow cytometry	analysis	input/flow/ks10_adaptive_csv_files/CD4pos/CD4_Specimen_001_12_CD4+.csv	Vishwas GitHub gated-event export; byte-identical verified; Kevin KS10	846eb6549cff545699ebbabef9b06f8e155dd4b44a4b097891335b689858d034	6104	846eb6549cff545699ebbabef9b06f8e155dd4b44a4b097891335b689858d034
Flow cytometry	analysis	input/flow/ks10_adaptive_csv_files/CD4pos/CD4_Specimen_001_11_CD4+.csv	Vishwas GitHub gated-event export; byte-identical verified; Kevin KS10	86e2e4123468663353c5fb8a968a7207d0d947ebb58dc8488c46d8d28726750d	18401	86e2e4123468663353c5fb8a968a7207d0d947ebb58dc8488c46d8d28726750d
Flow cytometry	analysis	input/flow/ks10_adaptive_csv_files/CD4pos/CD4_Specimen_001_1_CD4+.csv	Vishwas GitHub gated-event export; byte-identical verified; Kevin KS10	8f7a80b1e47391b65cc23de4602b7503fa597ef8aecb75b6042df420f4869920	28923	8f7a80b1e47391b65cc23de4602b7503fa597ef8aecb75b6042df420f4869920
Flow cytometry	analysis	input/flow/ks10_adaptive_csv_files/CD4pos/CD4_Specimen_001_13_CD4+.csv	Vishwas GitHub gated-event export; byte-identical verified; Kevin KS10	e39e8948a6f96f235302825a5a83f0c39e5660b70616dfceb464cca1288801c3	24728	e39e8948a6f96f235302825a5a83f0c39e5660b70616dfceb464cca1288801c3
Flow cytometry	analysis	input/flow/ks10_adaptive_csv_files/CD8pos/CD8_Specimen_001_13_CD8+.csv	Vishwas GitHub gated-event export; byte-identical verified; Kevin KS10	251732e7c76ca9f82daed839f59e225ca41eb507059828135e3d7c9b5ab72398	72839	251732e7c76ca9f82daed839f59e225ca41eb507059828135e3d7c9b5ab72398
Flow cytometry	analysis	input/flow/ks10_adaptive_csv_files/CD8pos/CD8_Specimen_001_1_CD8+.csv	Vishwas GitHub gated-event export; byte-identical verified; Kevin KS10	2ddf6d1c0bce5f6272e38af817a16c349f3fd2ee8426ef35e8de0cdc46fa667d	69948	2ddf6d1c0bce5f6272e38af817a16c349f3fd2ee8426ef35e8de0cdc46fa667d
Flow cytometry	analysis	input/flow/ks10_adaptive_csv_files/CD8pos/CD8_Specimen_001_12_CD8+.csv	Vishwas GitHub gated-event export; byte-identical verified; Kevin KS10	822319c826d15e8d9cbc2a9e768f88a88866569b993cfdf1ad31c072074f0805	35433	822319c826d15e8d9cbc2a9e768f88a88866569b993cfdf1ad31c072074f0805
Flow cytometry	analysis	input/flow/ks10_adaptive_csv_files/CD8pos/CD8_Specimen_001_7_CD8+.csv	Vishwas GitHub gated-event export; byte-identical verified; Kevin KS10	d236aec67b3197096d87381144067bbcae8970810893176d2db6f146b3b0d63a	31535	d236aec67b3197096d87381144067bbcae8970810893176d2db6f146b3b0d63a
Flow cytometry	analysis	input/flow/ks10_adaptive_csv_files/CD8pos/CD8_Specimen_001_6_CD8+.csv	Vishwas GitHub gated-event export; byte-identical verified; Kevin KS10	d33379f32d042a68fcb9e08747fd2e1a8462feb17e81d6e895c891e403028940	63453	d33379f32d042a68fcb9e08747fd2e1a8462feb17e81d6e895c891e403028940
Flow cytometry	analysis	input/flow/ks10_adaptive_csv_files/CD8pos/CD8_Specimen_001_11_CD8+.csv	Vishwas GitHub gated-event export; byte-identical verified; Kevin KS10	fba0534a13c72e58e897adab340d7daf7ee2dae598b071d7a96b0f906b8296df	56741	fba0534a13c72e58e897adab340d7daf7ee2dae598b071d7a96b0f906b8296df
Flow cytometry	analysis	input/flow/ks10_adaptive_csv_files/NK_cells/NK_Specimen_001_13_NK cells.csv	Vishwas GitHub gated-event export; byte-identical verified; Kevin KS10	0f68a5e7da69557a623c9a63fe3df6577be24bcf6e8fe8a49c83142ef02b6544	7998	0f68a5e7da69557a623c9a63fe3df6577be24bcf6e8fe8a49c83142ef02b6544
Flow cytometry	analysis	input/flow/ks10_adaptive_csv_files/NK_cells/NK_Specimen_001_1_NK cells.csv	Vishwas GitHub gated-event export; byte-identical verified; Kevin KS10	531b51d25810bb7ac741b13cc4453b03d0b6afaa1e0b7ecd41d4bd40fe03973f	9802	531b51d25810bb7ac741b13cc4453b03d0b6afaa1e0b7ecd41d4bd40fe03973f
Flow cytometry	analysis	input/flow/ks10_adaptive_csv_files/NK_cells/NK_Specimen_001_12_NK cells.csv	Vishwas GitHub gated-event export; byte-identical verified; Kevin KS10	6195953ae6279907687149c88eae4cf6d14384df836ca5d0488dd842d8307917	4786	6195953ae6279907687149c88eae4cf6d14384df836ca5d0488dd842d8307917
Flow cytometry	analysis	input/flow/ks10_adaptive_csv_files/NK_cells/NK_Specimen_001_7_NK cells.csv	Vishwas GitHub gated-event export; byte-identical verified; Kevin KS10	71f85ad8f5d9ff54a62eb8b4519497b2040292210e7d1041d91a69ba99de504a	9885	71f85ad8f5d9ff54a62eb8b4519497b2040292210e7d1041d91a69ba99de504a
Flow cytometry	analysis	input/flow/ks10_adaptive_csv_files/NK_cells/NK_Specimen_001_11_NK cells.csv	Vishwas GitHub gated-event export; byte-identical verified; Kevin KS10	c93010593e4005a8c7ccbe1db52fe5ab462ddc29922ff9521448e4649b519389	7836	c93010593e4005a8c7ccbe1db52fe5ab462ddc29922ff9521448e4649b519389
Flow cytometry	analysis	input/flow/ks10_adaptive_csv_files/NK_cells/NK_Specimen_001_6_NK cells.csv	Vishwas GitHub gated-event export; byte-identical verified; Kevin KS10	ea49db6c293ed7665948fee132f6258e5b3a64862fd4e81c104061c3f7ae5747	8283	ea49db6c293ed7665948fee132f6258e5b3a64862fd4e81c104061c3f7ae5747
Flow cytometry	analysis	input/flow/ks10_adaptive_csv_files/T_cells/Tcells_Specimen_001_1_T cells.csv	Vishwas GitHub gated-event export; byte-identical verified; Kevin KS10	250e61e935fda430e9c6cea849decfd44f29a64febb1fca4b608da15b2b713ad	138688	250e61e935fda430e9c6cea849decfd44f29a64febb1fca4b608da15b2b713ad
Flow cytometry	analysis	input/flow/ks10_adaptive_csv_files/T_cells/Tcells_Specimen_001_13_T cells.csv	Vishwas GitHub gated-event export; byte-identical verified; Kevin KS10	417302a2f5f548fc2f1218d42a69b42bdf6e8145643511c7f43973ae40bb4fa0	143682	417302a2f5f548fc2f1218d42a69b42bdf6e8145643511c7f43973ae40bb4fa0
Flow cytometry	analysis	input/flow/ks10_adaptive_csv_files/T_cells/Tcells_Specimen_001_11_T cells.csv	Vishwas GitHub gated-event export; byte-identical verified; Kevin KS10	6d472fdea011cda32fe40e6e975e1075a6962eda14da55723d24a3e8b2f2432f	114646	6d472fdea011cda32fe40e6e975e1075a6962eda14da55723d24a3e8b2f2432f
Flow cytometry	analysis	input/flow/ks10_adaptive_csv_files/T_cells/Tcells_Specimen_001_7_T cells.csv	Vishwas GitHub gated-event export; byte-identical verified; Kevin KS10	72a59ffcbfe0530d137b060dc4e39a92ae51db14f672b286f34ed927e1502894	64162	72a59ffcbfe0530d137b060dc4e39a92ae51db14f672b286f34ed927e1502894
Flow cytometry	analysis	input/flow/ks10_adaptive_csv_files/T_cells/Tcells_Specimen_001_12_T cells.csv	Vishwas GitHub gated-event export; byte-identical verified; Kevin KS10	8a587715d80bda30bf99a50e4cb68c4bf0d60e03a661a772a93907d43da8012e	63883	8a587715d80bda30bf99a50e4cb68c4bf0d60e03a661a772a93907d43da8012e
Flow cytometry	analysis	input/flow/ks10_adaptive_csv_files/T_cells/Tcells_Specimen_001_6_T cells.csv	Vishwas GitHub gated-event export; byte-identical verified; Kevin KS10	bbadb8ae185f4734d1afa08da828f72d59f46ec4473077f4e8fb8a471195225d	119148	bbadb8ae185f4734d1afa08da828f72d59f46ec4473077f4e8fb8a471195225d
Flow cytometry	analysis	input/flow/ks10_adaptive_csv_files/all_adaptive/all_adaptive_Specimen_001_11.csv	Vishwas GitHub gated-event export; byte-identical verified; Kevin KS10	159bad9ff7223668f14818af4739977a311424aa7ce0d714597bab16b38b8dc5	6001798	159bad9ff7223668f14818af4739977a311424aa7ce0d714597bab16b38b8dc5
Flow cytometry	analysis	input/flow/ks10_adaptive_csv_files/all_adaptive/all_adaptive_Specimen_001_1.csv	Vishwas GitHub gated-event export; byte-identical verified; Kevin KS10	1b515ea22be67aede1f1cd9316ce7483656b7cca062fc62f854ff68aac0ae26c	5974219	1b515ea22be67aede1f1cd9316ce7483656b7cca062fc62f854ff68aac0ae26c
Flow cytometry	analysis	input/flow/ks10_adaptive_csv_files/all_adaptive/all_adaptive_Specimen_001_6.csv	Vishwas GitHub gated-event export; byte-identical verified; Kevin KS10	52de1c135b8f00827fab1c6051bc92d96cce960ee0177095b9810b1453ec5c21	5974619	52de1c135b8f00827fab1c6051bc92d96cce960ee0177095b9810b1453ec5c21
Flow cytometry	analysis	input/flow/ks10_adaptive_csv_files/all_adaptive/all_adaptive_Specimen_001_12.csv	Vishwas GitHub gated-event export; byte-identical verified; Kevin KS10	a77bc99e3d9ace3e26c637f3d6cb59825953702781771b26b425e3100a5e37f0	6008686	a77bc99e3d9ace3e26c637f3d6cb59825953702781771b26b425e3100a5e37f0
Flow cytometry	analysis	input/flow/ks10_adaptive_csv_files/all_adaptive/all_adaptive_Specimen_001_7.csv	Vishwas GitHub gated-event export; byte-identical verified; Kevin KS10	ccd5f22234e1917e7a8b0562164536bbd489b798aee6967de2150e7ed32a9a6e	6010705	ccd5f22234e1917e7a8b0562164536bbd489b798aee6967de2150e7ed32a9a6e
Flow cytometry	analysis	input/flow/ks10_adaptive_csv_files/all_adaptive/all_adaptive_Specimen_001_13.csv	Vishwas GitHub gated-event export; byte-identical verified; Kevin KS10	d1b394749ff1e49b4a3c3d10cbfbda0638c649a2dc5e8316a19d2d9fd34da85c	5985048	d1b394749ff1e49b4a3c3d10cbfbda0638c649a2dc5e8316a19d2d9fd34da85c
Flow cytometry	analysis	input/flow/ks10_innate_csv_files/DCs/DCs_Specimen_001_12_Live CD45+_DCs.csv	Vishwas GitHub gated-event export; byte-identical verified; Kevin KS10	00067ecf5257dd865099a07a5f52345884e9db6751efcf081ce99282808e6cdb	4016	00067ecf5257dd865099a07a5f52345884e9db6751efcf081ce99282808e6cdb
Flow cytometry	analysis	input/flow/ks10_innate_csv_files/DCs/DCs_Specimen_001_7_Live CD45+_DCs.csv	Vishwas GitHub gated-event export; byte-identical verified; Kevin KS10	14e6401ada7de2709d1b7e521c928df29985ca72c33f41c6e18a0794f1beeba9	8220	14e6401ada7de2709d1b7e521c928df29985ca72c33f41c6e18a0794f1beeba9
Flow cytometry	analysis	input/flow/ks10_innate_csv_files/DCs/DCs_Specimen_001_11_Live CD45+_DCs.csv	Vishwas GitHub gated-event export; byte-identical verified; Kevin KS10	254e682b1a6715827937022ed7fdcecd36f9396e92735b05bbc36a399cef1dcb	6988	254e682b1a6715827937022ed7fdcecd36f9396e92735b05bbc36a399cef1dcb
Flow cytometry	analysis	input/flow/ks10_innate_csv_files/DCs/DCs_Specimen_001_6_Live CD45+_DCs.csv	Vishwas GitHub gated-event export; byte-identical verified; Kevin KS10	41e7ea46300c8586fbad4f1b8eba8adeaaf0a477bc053f1eaa32feb21072c75b	9151	41e7ea46300c8586fbad4f1b8eba8adeaaf0a477bc053f1eaa32feb21072c75b
Flow cytometry	analysis	input/flow/ks10_innate_csv_files/DCs/DCs_Specimen_001_1_Live CD45+_DCs.csv	Vishwas GitHub gated-event export; byte-identical verified; Kevin KS10	968000a1cbfe4629be42739183d946d3598860971e1bb1a797bbfc05ca610a11	9548	968000a1cbfe4629be42739183d946d3598860971e1bb1a797bbfc05ca610a11
Flow cytometry	analysis	input/flow/ks10_innate_csv_files/DCs/DCs_Specimen_001_13_Live CD45+_DCs.csv	Vishwas GitHub gated-event export; byte-identical verified; Kevin KS10	fc73f18a2895e5214a2a0f944641dc0245a2e6d8743204b25a417aaebdead822	9659	fc73f18a2895e5214a2a0f944641dc0245a2e6d8743204b25a417aaebdead822
Flow cytometry	analysis	input/flow/ks10_innate_csv_files/all_cells/all_cells_Specimen_001_7.csv	Vishwas GitHub gated-event export; byte-identical verified; Kevin KS10	348b2df153dce5bc96c553c156a4acd89368882f77adca6117f8792acba282b5	5477913	348b2df153dce5bc96c553c156a4acd89368882f77adca6117f8792acba282b5
Flow cytometry	analysis	input/flow/ks10_innate_csv_files/all_cells/all_cells_Specimen_001_6.csv	Vishwas GitHub gated-event export; byte-identical verified; Kevin KS10	4e5215de0c887171d18d5e862085c9ca4f79344e05226634712943c03bf1d482	5446369	4e5215de0c887171d18d5e862085c9ca4f79344e05226634712943c03bf1d482
Flow cytometry	analysis	input/flow/ks10_innate_csv_files/all_cells/all_cells_Specimen_001_1.csv	Vishwas GitHub gated-event export; byte-identical verified; Kevin KS10	56e600143a8f03d92279a8f1551d5984003f823806ff8f3301ad4338dcb32074	5449235	56e600143a8f03d92279a8f1551d5984003f823806ff8f3301ad4338dcb32074
Flow cytometry	analysis	input/flow/ks10_innate_csv_files/all_cells/all_cells_Specimen_001_12.csv	Vishwas GitHub gated-event export; byte-identical verified; Kevin KS10	6cfdcc4a47a904eb4ac7ed3be0a816eea77a600c589e9c0a38b6c4b3bae8aba8	5459532	6cfdcc4a47a904eb4ac7ed3be0a816eea77a600c589e9c0a38b6c4b3bae8aba8
Flow cytometry	analysis	input/flow/ks10_innate_csv_files/all_cells/all_cells_Specimen_001_13.csv	Vishwas GitHub gated-event export; byte-identical verified; Kevin KS10	8874585d38b5123710d3789cae6f517bca76087a54c39bc9429dcffe588fb53b	5448650	8874585d38b5123710d3789cae6f517bca76087a54c39bc9429dcffe588fb53b
Flow cytometry	analysis	input/flow/ks10_innate_csv_files/all_cells/all_cells_Specimen_001_11.csv	Vishwas GitHub gated-event export; byte-identical verified; Kevin KS10	ee29a871a6a86cdf70b1ad454ae571d8df0517a3d1213580ad4ebfaa6e621be5	5472872	ee29a871a6a86cdf70b1ad454ae571d8df0517a3d1213580ad4ebfaa6e621be5
Flow cytometry	analysis	input/flow/ks10_innate_csv_files/cd11b_pos/CD11b_pos_Specimen_001_7_CD11b+.csv	Vishwas GitHub gated-event export; byte-identical verified; Kevin KS10	4cfc6cd659156b1ca907b4f9ebe7099388543cb37ae8e13332a51a21b350e8d9	27747	4cfc6cd659156b1ca907b4f9ebe7099388543cb37ae8e13332a51a21b350e8d9
Flow cytometry	analysis	input/flow/ks10_innate_csv_files/cd11b_pos/CD11b_pos_Specimen_001_6_CD11b+.csv	Vishwas GitHub gated-event export; byte-identical verified; Kevin KS10	b76545475d81cf4c09f727cc52ffe5c0e32d8db805dfad3ed7881216faf4e2f0	31180	b76545475d81cf4c09f727cc52ffe5c0e32d8db805dfad3ed7881216faf4e2f0
Flow cytometry	analysis	input/flow/ks10_innate_csv_files/cd11b_pos/CD11b_pos_Specimen_001_12_CD11b+.csv	Vishwas GitHub gated-event export; byte-identical verified; Kevin KS10	bdfd8c7a74a1d8567a0ac4563a49ad6e52d59c7fcbd942d401806da5ca317fa6	19586	bdfd8c7a74a1d8567a0ac4563a49ad6e52d59c7fcbd942d401806da5ca317fa6
Flow cytometry	analysis	input/flow/ks10_innate_csv_files/cd11b_pos/CD11b_pos_Specimen_001_1_CD11b+.csv	Vishwas GitHub gated-event export; byte-identical verified; Kevin KS10	bf6e5a6add3f2906506a21413ece3d2af1e348772ee89fd6b5e2371ffc4c9603	30265	bf6e5a6add3f2906506a21413ece3d2af1e348772ee89fd6b5e2371ffc4c9603
Flow cytometry	analysis	input/flow/ks10_innate_csv_files/cd11b_pos/CD11b_pos_Specimen_001_11_CD11b+.csv	Vishwas GitHub gated-event export; byte-identical verified; Kevin KS10	cb1c84ea20331107ebb1de90c7a3c2e97aa8e0b7473244806796e525036fafb6	29990	cb1c84ea20331107ebb1de90c7a3c2e97aa8e0b7473244806796e525036fafb6
Flow cytometry	analysis	input/flow/ks10_innate_csv_files/cd11b_pos/CD11b_pos_Specimen_001_13_CD11b+.csv	Vishwas GitHub gated-event export; byte-identical verified; Kevin KS10	f925d79d993e66e86f8d9e86fb71c228376d6ce663f786531c739c52e362e872	68759	f925d79d993e66e86f8d9e86fb71c228376d6ce663f786531c739c52e362e872
Flow cytometry	analysis	input/flow/ks10_innate_csv_files/lymphoid_DCs/lymphoid_DCs_Specimen_001_1_Lymphoid DCs.csv	Vishwas GitHub gated-event export; byte-identical verified; Kevin KS10	3e748a28134d0811cc18915eabd4776166c425f554ab2c926fa5a71d77ec212d	4992	3e748a28134d0811cc18915eabd4776166c425f554ab2c926fa5a71d77ec212d
Flow cytometry	analysis	input/flow/ks10_innate_csv_files/lymphoid_DCs/lymphoid_DCs_Specimen_001_11_Lymphoid DCs.csv	Vishwas GitHub gated-event export; byte-identical verified; Kevin KS10	4e542a4cf972805a170b50d3da932afd65363a7beac22f6c1a769e4e1740b534	3149	4e542a4cf972805a170b50d3da932afd65363a7beac22f6c1a769e4e1740b534
Flow cytometry	analysis	input/flow/ks10_innate_csv_files/lymphoid_DCs/lymphoid_DCs_Specimen_001_12_Lymphoid DCs.csv	Vishwas GitHub gated-event export; byte-identical verified; Kevin KS10	619f671c71b203676be490bd4838df77ca87b2ccb54873529ad32a0d6a5f0161	2483	619f671c71b203676be490bd4838df77ca87b2ccb54873529ad32a0d6a5f0161
Flow cytometry	analysis	input/flow/ks10_innate_csv_files/lymphoid_DCs/lymphoid_DCs_Specimen_001_13_Lymphoid DCs.csv	Vishwas GitHub gated-event export; byte-identical verified; Kevin KS10	69a9b1100c54d293ffcfee08b2a25fbe37499bd38258592a32d6598fe9dcad25	4478	69a9b1100c54d293ffcfee08b2a25fbe37499bd38258592a32d6598fe9dcad25
Flow cytometry	analysis	input/flow/ks10_innate_csv_files/lymphoid_DCs/lymphoid_DCs_Specimen_001_6_Lymphoid DCs.csv	Vishwas GitHub gated-event export; byte-identical verified; Kevin KS10	7abca0a39e7c826833984e633c557d208d179b1dcb165521ab79110a7862930d	6354	7abca0a39e7c826833984e633c557d208d179b1dcb165521ab79110a7862930d
Flow cytometry	analysis	input/flow/ks10_innate_csv_files/lymphoid_DCs/lymphoid_DCs_Specimen_001_7_Lymphoid DCs.csv	Vishwas GitHub gated-event export; byte-identical verified; Kevin KS10	e5daaa1ea78838523c803d11d0eb7f64fbdd8e5534c7a779d899b8ca24fdca47	5204	e5daaa1ea78838523c803d11d0eb7f64fbdd8e5534c7a779d899b8ca24fdca47
Flow cytometry	analysis	input/flow/ks10_innate_csv_files/macrophages/macrophages_Specimen_001_12_Macrophages.csv	Vishwas GitHub gated-event export; byte-identical verified; Kevin KS10	36a54267f1fa66fa6a5570f62080ec6f6589c9c471281dee776b900068d8bcc3	18976	36a54267f1fa66fa6a5570f62080ec6f6589c9c471281dee776b900068d8bcc3
Flow cytometry	analysis	input/flow/ks10_innate_csv_files/macrophages/macrophages_Specimen_001_6_Macrophages.csv	Vishwas GitHub gated-event export; byte-identical verified; Kevin KS10	4f1e5a39f0439a767ac8270320cf7a1855d00076c80f246c00b7077557afdb67	28768	4f1e5a39f0439a767ac8270320cf7a1855d00076c80f246c00b7077557afdb67
Flow cytometry	analysis	input/flow/ks10_innate_csv_files/macrophages/macrophages_Specimen_001_7_Macrophages.csv	Vishwas GitHub gated-event export; byte-identical verified; Kevin KS10	94d868e26e8c7482f3af5b77a3849cc13716671e9e0962fcca8971c0c0abecff	26978	94d868e26e8c7482f3af5b77a3849cc13716671e9e0962fcca8971c0c0abecff
Flow cytometry	analysis	input/flow/ks10_innate_csv_files/macrophages/macrophages_Specimen_001_11_Macrophages.csv	Vishwas GitHub gated-event export; byte-identical verified; Kevin KS10	b32ebbcb472ea4598cb911ac7d701d89954254f9032f5fbb65580a52dfeaaf7d	28443	b32ebbcb472ea4598cb911ac7d701d89954254f9032f5fbb65580a52dfeaaf7d
Flow cytometry	analysis	input/flow/ks10_innate_csv_files/macrophages/macrophages_Specimen_001_13_Macrophages.csv	Vishwas GitHub gated-event export; byte-identical verified; Kevin KS10	ca02a13edaf1213929761e168d4f897442e749a541a283c630460486a77a04f1	62573	ca02a13edaf1213929761e168d4f897442e749a541a283c630460486a77a04f1
Flow cytometry	analysis	input/flow/ks10_innate_csv_files/macrophages/macrophages_Specimen_001_1_Macrophages.csv	Vishwas GitHub gated-event export; byte-identical verified; Kevin KS10	e72f0080d20be0b91cf1b936947ff7f5a9fb676483369bc17a4d57a782a7f8aa	28188	e72f0080d20be0b91cf1b936947ff7f5a9fb676483369bc17a4d57a782a7f8aa
Flow cytometry	analysis	input/flow/ks10_innate_csv_files/monocytes/monocytes_Specimen_001_6_Monocytes.csv	Vishwas GitHub gated-event export; byte-identical verified; Kevin KS10	1906d668737d26cfe8d69f5ded7f83937d30d285566fe640b4beb3b7b407fa5a	2028	1906d668737d26cfe8d69f5ded7f83937d30d285566fe640b4beb3b7b407fa5a
Flow cytometry	analysis	input/flow/ks10_innate_csv_files/monocytes/monocytes_Specimen_001_1_Monocytes.csv	Vishwas GitHub gated-event export; byte-identical verified; Kevin KS10	667dba7e3b95d7bf30fb68939eb7d7237212085ef03e89b0bdf00a9770a0182b	1696	667dba7e3b95d7bf30fb68939eb7d7237212085ef03e89b0bdf00a9770a0182b
Flow cytometry	analysis	input/flow/ks10_innate_csv_files/monocytes/monocytes_Specimen_001_11_Monocytes.csv	Vishwas GitHub gated-event export; byte-identical verified; Kevin KS10	7b67dc72c48b1faf1f5899c2b892fbcfa98d5a630d64a220fc77e33c21297620	879	7b67dc72c48b1faf1f5899c2b892fbcfa98d5a630d64a220fc77e33c21297620
Flow cytometry	analysis	input/flow/ks10_innate_csv_files/monocytes/monocytes_Specimen_001_7_Monocytes.csv	Vishwas GitHub gated-event export; byte-identical verified; Kevin KS10	b9cc91bf5877988deec6fcf56a006e85861e08079c7f1e49a5a88c797d6270c7	715	b9cc91bf5877988deec6fcf56a006e85861e08079c7f1e49a5a88c797d6270c7
Flow cytometry	analysis	input/flow/ks10_innate_csv_files/monocytes/monocytes_Specimen_001_12_Monocytes.csv	Vishwas GitHub gated-event export; byte-identical verified; Kevin KS10	d104daefbd2f432bbbe1825a33e5224aae92904ca92bcd5f7ebcf21acb900595	390	d104daefbd2f432bbbe1825a33e5224aae92904ca92bcd5f7ebcf21acb900595
Flow cytometry	analysis	input/flow/ks10_innate_csv_files/monocytes/monocytes_Specimen_001_13_Monocytes.csv	Vishwas GitHub gated-event export; byte-identical verified; Kevin KS10	da17db8842d46d12fa3d5fce00b9a97a30c104754a9f626a2a303338619ab7df	1045	da17db8842d46d12fa3d5fce00b9a97a30c104754a9f626a2a303338619ab7df
Flow cytometry	analysis	input/flow/ks10_innate_csv_files/myeloid_DCs/myeloid_DCs_Specimen_001_6_Myeloid DCs.csv	Vishwas GitHub gated-event export; byte-identical verified; Kevin KS10	00fbf3d5b289d110118f5befb922f4b7cec87895fbe902caddfc7c42a7dd2d53	2689	00fbf3d5b289d110118f5befb922f4b7cec87895fbe902caddfc7c42a7dd2d53
Flow cytometry	analysis	input/flow/ks10_innate_csv_files/myeloid_DCs/myeloid_DCs_Specimen_001_1_Myeloid DCs.csv	Vishwas GitHub gated-event export; byte-identical verified; Kevin KS10	34ee3b5601a2747691a1b629ff3146bcd7119bc68aa9a632c295e161ed8ab388	4453	34ee3b5601a2747691a1b629ff3146bcd7119bc68aa9a632c295e161ed8ab388
Flow cytometry	analysis	input/flow/ks10_innate_csv_files/myeloid_DCs/myeloid_DCs_Specimen_001_7_Myeloid DCs.csv	Vishwas GitHub gated-event export; byte-identical verified; Kevin KS10	477a65577f9c9846a6c79631841e482d62c17b8d5d7505dc223fc81a0ed0da13	3025	477a65577f9c9846a6c79631841e482d62c17b8d5d7505dc223fc81a0ed0da13
Flow cytometry	analysis	input/flow/ks10_innate_csv_files/myeloid_DCs/myeloid_DCs_Specimen_001_11_Myeloid DCs.csv	Vishwas GitHub gated-event export; byte-identical verified; Kevin KS10	59d6fdc3a8f5e502cef51d2c865e7b8293d28d635e1650954cb2236a1577163c	3789	59d6fdc3a8f5e502cef51d2c865e7b8293d28d635e1650954cb2236a1577163c
Flow cytometry	analysis	input/flow/ks10_innate_csv_files/myeloid_DCs/myeloid_DCs_Specimen_001_12_Myeloid DCs.csv	Vishwas GitHub gated-event export; byte-identical verified; Kevin KS10	71ff64a72e3084577c04cb033a5c8984de9626a46c43b7b80ba0d1873af190e6	1648	71ff64a72e3084577c04cb033a5c8984de9626a46c43b7b80ba0d1873af190e6
Flow cytometry	analysis	input/flow/ks10_innate_csv_files/myeloid_DCs/myeloid_DCs_Specimen_001_13_Myeloid DCs.csv	Vishwas GitHub gated-event export; byte-identical verified; Kevin KS10	9a22eb5f5f3a21b9a61d9be6e024fad8befd1f3cc197d99235b0ca6b63bb7e8d	5077	9a22eb5f5f3a21b9a61d9be6e024fad8befd1f3cc197d99235b0ca6b63bb7e8d
Flow cytometry	analysis	input/flow/ks10_innate_csv_files/neutrophils/neutrophils_Specimen_001_7_Neutrophils.csv	Vishwas GitHub gated-event export; byte-identical verified; Kevin KS10	4584f1e11f537c43958d7c23782d2ce89d2eee9b5b77bacb8eb29faeb3003a5a	337	4584f1e11f537c43958d7c23782d2ce89d2eee9b5b77bacb8eb29faeb3003a5a
Flow cytometry	analysis	input/flow/ks10_innate_csv_files/neutrophils/neutrophils_Specimen_001_6_Neutrophils.csv	Vishwas GitHub gated-event export; byte-identical verified; Kevin KS10	663035a6e415a1b86023fcee796482525b86c48ee469a604e98576cc4ef9e24f	392	663035a6e415a1b86023fcee796482525b86c48ee469a604e98576cc4ef9e24f
Flow cytometry	analysis	input/flow/ks10_innate_csv_files/neutrophils/neutrophils_Specimen_001_11_Neutrophils.csv	Vishwas GitHub gated-event export; byte-identical verified; Kevin KS10	7d0343200b15a5cf998f4e99f74a3f050be9ed8c2ca021d687119e05a47c34bb	560	7d0343200b15a5cf998f4e99f74a3f050be9ed8c2ca021d687119e05a47c34bb
Flow cytometry	analysis	input/flow/ks10_innate_csv_files/neutrophils/neutrophils_Specimen_001_1_Neutrophils.csv	Vishwas GitHub gated-event export; byte-identical verified; Kevin KS10	ac6f2eaa75fb91d5fa58153c04f4787cb1b562235592f16e1632162a231993bf	448	ac6f2eaa75fb91d5fa58153c04f4787cb1b562235592f16e1632162a231993bf
Flow cytometry	analysis	input/flow/ks10_innate_csv_files/neutrophils/neutrophils_Specimen_001_12_Neutrophils.csv	Vishwas GitHub gated-event export; byte-identical verified; Kevin KS10	aec239091f1073da013e4501ea5a30ce04caf1f8395462c69b0a0a254a7139ef	337	aec239091f1073da013e4501ea5a30ce04caf1f8395462c69b0a0a254a7139ef
Flow cytometry	analysis	input/flow/ks10_innate_csv_files/neutrophils/neutrophils_Specimen_001_13_Neutrophils.csv	Vishwas GitHub gated-event export; byte-identical verified; Kevin KS10	eff398301e760e7e4e7c9a2309ec00b59d41bd7de5a7277fb8658b908f2cab36	4085	eff398301e760e7e4e7c9a2309ec00b59d41bd7de5a7277fb8658b908f2cab36
ST1 genomes	analysis	input/genomes/ST1_11.fasta	Vishwas Mishra supplied dissertation dataset: Chapter 4/ST1 fasta files/ST1_11.fasta	d37a7a75281050dcef5b462e7c2963fb6aaf70f47a9d8d988bef7fbae04a4e9d	4153728	d37a7a75281050dcef5b462e7c2963fb6aaf70f47a9d8d988bef7fbae04a4e9d
ST1 genomes	analysis	input/genomes/ST1_12.fasta	Vishwas Mishra supplied dissertation dataset: Chapter 4/ST1 fasta files/ST1_12.fasta	ec4b4fb85963fe96e818123207ba404b0c50b96c2bb2acffedecb72978d8edb6	4143551	ec4b4fb85963fe96e818123207ba404b0c50b96c2bb2acffedecb72978d8edb6
ST1 genomes	analysis	input/genomes/ST1_19.fasta	Vishwas Mishra supplied dissertation dataset: Chapter 4/ST1 fasta files/ST1_19.fasta	23ada54a9ec724375fe9ee2332e3e51e810b3b3167c740d2ceda443810561466	4159487	23ada54a9ec724375fe9ee2332e3e51e810b3b3167c740d2ceda443810561466
ST1 genomes	analysis	input/genomes/ST1_2.fasta	Vishwas Mishra supplied dissertation dataset: Chapter 4/ST1 fasta files/ST1_2.fasta	3a0c6787da8810025f83a772ba21f7febd71a169b675ce9081e625803a902b7b	4066228	3a0c6787da8810025f83a772ba21f7febd71a169b675ce9081e625803a902b7b
ST1 genomes	analysis	input/genomes/ST1_20.fasta	Vishwas Mishra supplied dissertation dataset: Chapter 4/ST1 fasta files/ST1_20.fasta	423a98605501a8eb245f9d7e91ccd4b9e16e6f465be15bd4786727865317612e	4245573	423a98605501a8eb245f9d7e91ccd4b9e16e6f465be15bd4786727865317612e
ST1 genomes	analysis	input/genomes/ST1_23.fasta	Vishwas Mishra supplied dissertation dataset: Chapter 4/ST1 fasta files/ST1_23.fasta	278aec13112b966e8e1aa09d48bf9524b114bab475e797d1f0f9f39a1228b890	4246313	278aec13112b966e8e1aa09d48bf9524b114bab475e797d1f0f9f39a1228b890
ST1 genomes	analysis	input/genomes/ST1_25.fasta	Vishwas Mishra supplied dissertation dataset: Chapter 4/ST1 fasta files/ST1_25.fasta	c3fd77b1ff21adaf2fc89755630f62fc06b39d019add00ef495e0ed12a264edd	4206628	c3fd77b1ff21adaf2fc89755630f62fc06b39d019add00ef495e0ed12a264edd
ST1 genomes	analysis	input/genomes/ST1_27.fasta	Vishwas Mishra supplied dissertation dataset: Chapter 4/ST1 fasta files/ST1_27.fasta	613d60be4bf389fe80c828fb5ced3a2593850c377d9e0a072a47e5aed4abf5cb	4199270	613d60be4bf389fe80c828fb5ced3a2593850c377d9e0a072a47e5aed4abf5cb
ST1 genomes	analysis	input/genomes/ST1_49.fasta	Vishwas Mishra supplied dissertation dataset: Chapter 4/ST1 fasta files/ST1_49.fasta	9610beeacb228f536af4c24af8bd25cf0f59b2600198aed08ceb07a08d51afa4	4161180	9610beeacb228f536af4c24af8bd25cf0f59b2600198aed08ceb07a08d51afa4
ST1 genomes	analysis	input/genomes/ST1_53.fasta	Vishwas Mishra supplied dissertation dataset: Chapter 4/ST1 fasta files/ST1_53.fasta	c7e8d04687a70e3709b0a22ce9f18bbddf87ba9e777be1a06995f130ba263846	4198540	c7e8d04687a70e3709b0a22ce9f18bbddf87ba9e777be1a06995f130ba263846
ST1 genomes	analysis	input/genomes/ST1_57.fasta	Vishwas Mishra supplied dissertation dataset: Chapter 4/ST1 fasta files/ST1_57.fasta	98bb644e64e764bc9679e569d0f6a558dfefa8840871e6b3cf808eca9611f330	4204692	98bb644e64e764bc9679e569d0f6a558dfefa8840871e6b3cf808eca9611f330
ST1 genomes	analysis	input/genomes/ST1_58.fasta	Vishwas Mishra supplied dissertation dataset: Chapter 4/ST1 fasta files/ST1_58.fasta	fce79035bbf088c9e2dd0cbf30c107f4713e4e43b04934c33d38e915ebc462b3	4233539	fce79035bbf088c9e2dd0cbf30c107f4713e4e43b04934c33d38e915ebc462b3
ST1 genomes	analysis	input/genomes/ST1_6.fasta	Vishwas Mishra supplied dissertation dataset: Chapter 4/ST1 fasta files/ST1_6.fasta	66697e38fb96ae22b1cdc6ef1f1fde9b4083e8b222488fff4424e9e39bdd6710	4167666	66697e38fb96ae22b1cdc6ef1f1fde9b4083e8b222488fff4424e9e39bdd6710
ST1 genomes	analysis	input/genomes/ST1_62.fasta	Vishwas Mishra supplied dissertation dataset: Chapter 4/ST1 fasta files/ST1_62.fasta	aa65eadbfd1d10f8bd02b64c2c7bd9c01c133f2f0fa35c28e7c1a82c618ef6b1	4279935	aa65eadbfd1d10f8bd02b64c2c7bd9c01c133f2f0fa35c28e7c1a82c618ef6b1
ST1 genomes	analysis	input/genomes/ST1_63.fasta	Vishwas Mishra supplied dissertation dataset: Chapter 4/ST1 fasta files/ST1_63.fasta	b1ec6c9fd027924521f0794aa8e85eaf8ea56dc641f67e52eddc9f306620d07b	4202397	b1ec6c9fd027924521f0794aa8e85eaf8ea56dc641f67e52eddc9f306620d07b
ST1 genomes	analysis	input/genomes/ST1_65.fasta	Vishwas Mishra supplied dissertation dataset: Chapter 4/ST1 fasta files/ST1_65.fasta	180e954cc35a211ceb205b02829d27727138f5fda7e535a232b53758b5a815df	4213942	180e954cc35a211ceb205b02829d27727138f5fda7e535a232b53758b5a815df
ST1 genomes	analysis	input/genomes/ST1_66.fasta	Vishwas Mishra supplied dissertation dataset: Chapter 4/ST1 fasta files/ST1_66.fasta	07ac50b8820ec1e8e8fff69d4bc58e8a2835112f19b317bb46ddc6e8b964c680	4096358	07ac50b8820ec1e8e8fff69d4bc58e8a2835112f19b317bb46ddc6e8b964c680
ST1 genomes	analysis	input/genomes/ST1_67.fasta	Vishwas Mishra supplied dissertation dataset: Chapter 4/ST1 fasta files/ST1_67.fasta	4dd88d020c03ddf594891c2ea9dab70091577e5cf21bec3dae567f29723f7fbf	4172377	4dd88d020c03ddf594891c2ea9dab70091577e5cf21bec3dae567f29723f7fbf
ST1 genomes	analysis	input/genomes/ST1_68.fasta	Vishwas Mishra supplied dissertation dataset: Chapter 4/ST1 fasta files/ST1_68.fasta	1aa14fc25d96ee19e9b63383b8a22c1c3c2b59cf45a971111842033ed278856c	4153949	1aa14fc25d96ee19e9b63383b8a22c1c3c2b59cf45a971111842033ed278856c
ST1 genomes	analysis	input/genomes/ST1_69.fasta	Vishwas Mishra supplied dissertation dataset: Chapter 4/ST1 fasta files/ST1_69.fasta	02cb6881d3aca12a18e25343345fa878cd1ecaa38376bf52293d8f4a38244c43	4133453	02cb6881d3aca12a18e25343345fa878cd1ecaa38376bf52293d8f4a38244c43
ST1 genomes	analysis	input/genomes/ST1_75.fasta	Vishwas Mishra supplied dissertation dataset: Chapter 4/ST1 fasta files/ST1_75.fasta	2227846055e4c2429630562609a3e2e23b2a3cfbc27e3b358003e382edba82b5	4173540	2227846055e4c2429630562609a3e2e23b2a3cfbc27e3b358003e382edba82b5
Public reference genomes	analysis	input/genomes/GCF_000027105.1_ASM2710v1_genomic.fna	NCBI assembly GCF_000027105.1; downloaded accession-verified archive	2b4ed0752e3c0a459735bcdf4a226ba34ba67b7940d0192f835f3987ad046591	4243795	2b4ed0752e3c0a459735bcdf4a226ba34ba67b7940d0192f835f3987ad046591
Public reference genomes	analysis	input/genomes/GCF_015238635.1_ASM1523863v1_genomic.fna	NCBI assembly GCF_015238635.1; downloaded accession-verified archive	47d3a3cc12e2b1cac31f6515507e6ae87680bf730a739d0c0a863ac1c52da4d7	4367279	47d3a3cc12e2b1cac31f6515507e6ae87680bf730a739d0c0a863ac1c52da4d7
Alternative VPI reference	sensitivity analysis	input/genomes/GCA_001995155.1_VPI10463.fasta	Vishwas Mishra supplied dissertation dataset: Chapter 4/tree_build/VPI10463.fasta; NCBI GCA_001995155.1	f944fb3e4ab1be369a480ae92898d476a97baae5e299a3dba4b16a8da17cac8f	4357468	f944fb3e4ab1be369a480ae92898d476a97baae5e299a3dba4b16a8da17cac8f
BIOLOG expected matrix	validation only	expected/source/Biolog_growth_matrix.xlsx	Vishwas supplied validated 700-call matrix; regenerate from plates	21317c265055adc72ad0f5a728f7dbdef9fed4697d48150c20fffa6ec1240972	8904	21317c265055adc72ad0f5a728f7dbdef9fed4697d48150c20fffa6ec1240972
KS65 expected fractions	validation only	expected/source/qPCR section.xlsx	Vishwas supplied plotting workbook; verify against original Kevin KS65 workbook and instrument quantities	6502104fe560bcbc51cbf05b45f6a1e572b81ca197dbffc641a80ac44ed5f4dd	7197	b71436f4ab6902064fcd621c8c18078de42eee1d18459c34dc5c513b570cecdb
PGFam annotations	analysis	input/pgfam/ST1_BVBRC_features.csv	Author-supplied BV-BRC PATRIC feature export; 21 ST1 genomes; received 2026-10-01	10fd28983598f61ed7b4e8ad116607852ea1f319041964f25cb9280a19db8739	23163363	10fd28983598f61ed7b4e8ad116607852ea1f319041964f25cb9280a19db8739
PGFam annotations	analysis	input/pgfam/VPI10463_BVBRC_features.csv	Author-supplied BV-BRC genome 1496.1555; GCA_001995155.1 (MUJV01); received 2026-10-01	19c53687b255cf1519dc0f834e54c9eec9379273382c79f5abeea1c0a76bcdd9	1482833	19c53687b255cf1519dc0f834e54c9eec9379273382c79f5abeea1c0a76bcdd9
PGFam identity mapping	analysis	input/pgfam/strain_names_mapping.csv	Vishwas supplied strain-to-BV-BRC genome mapping; use only the 21 ST1 rows; legacy VPI row is not used	102113ca50994317e960ea159065487f7900ef04f660228bb504e089f8659dd6	359	102113ca50994317e960ea159065487f7900ef04f660228bb504e089f8659dd6
