Path	Bytes	SHA256
.gitignore	26	61ce50d9f46d1ea8df624b1094ec70a74e60bc46c1f49113102905cbd1d4d516
CODE_PROVENANCE.md	4876	fec754b5fa320a9250425ee6e2f46ab150ccd6ebe57312562ed5e7e1217e5568
DATA_DICTIONARY.md	4950	8b2a2300773174f20b9664259d28120fee19f52734c606d1e505648b1f75a2eb
DATA_LICENSE.md	2024	307a6e4b28ef2295da8b300f77a36254682660c2f5849df1b80faf15f3bf5bc9
FIGURE_MAP.md	2762	950f7f18301dadb17bb089daf24eaa241fa0cd942705def0741d2fd7b7b0b842
GENOME_ACCESSIONS.md	5978	df4ae8531e3dd5afb14ecf56c04dbf8ed7f3e1d551449b5dc979bdadbf8099b7
GENOMICS.md	3678	ce4b051fe6f816f6fa69c01472fb590e915bf0bc9e02b68be2aa7cca12ab0514
LICENSE	1138	8daad691bbc253dd9bb17b30defd6723255c9bf1237cf0fc97c789209c35a7ab
NOTICE.md	1206	60481ce79742eba62d845efd74abab2fb42102e8bb99653216b769aad62ebac8
PM1_REPLICATION_SENSITIVITY.md	1260	90f8fbd04d1410a05e33577b4d3047350f8ed11925251156004ca53256a08a69
README.md	5600	520c817e5558dda01313465f84e79fcf7bc9ff86ca5ff1339375c9fdd8ce36ea
RELEASE_VERSION	11	94de5162937ecd988c277f3292871e5d991dd74c03c429f9ba2acff7eee0f232
RESOURCE_OVERLAP.md	4034	149cadf78443c6bd1f2622e36c25c075c189357ba9c00f1926f374b676f595a6
TEST_REPORT.md	3196	7492f3ef0a3ac420faa9b04fec412451cc4dbe56dfe2b3058c9f2c388176f13f
cache/phylogeny/tree_tests/alignment_summary.json	499	929a35208e98ac20a783ac80d39c8a96a070c9d89c18f12977a1b324980b45be
cache/phylogeny/tree_tests/masked_new22.analysis.nwk	960	aae67fadb98cf40f14fd3a2b05bbbe3129d852601b174771036e4e9c585984ea
cache/phylogeny/tree_tests/masked_new22.iqtree	15793	b58a750501615b7cf49745bc5c06ccaa9bf04d3ecff3eaf44c2a4c9423f9ed94
cache/phylogeny/tree_tests/masked_new22.treefile	841	32278ad19540a0e860d5cdc2bc1c88b39d2c88b452831509ad39da3102b5fae3
cache/phylogeny/tree_tests/masked_new22_common.analysis.nwk	958	c73ae40b113f16bef67253079fa9ca667a7a6ad69da7af36d8acd9c59d2da6c5
cache/phylogeny/tree_tests/masked_new22_common.iqtree	15813	de5e56f227552dfb054716fdbe3601b9b02cad13c27d541acab5675ac380f278
cache/phylogeny/tree_tests/masked_new22_common.treefile	839	a587f0d9d5130e888ce7233e825cc23f8cb7bf64e8f28d75e71900cd26d1c6f0
cache/phylogeny/tree_tests/masked_old22_common.analysis.nwk	959	38387ecbaf914b12ecc1690272734f5510ac6ec1b55859f42e2e6093bd7990d5
cache/phylogeny/tree_tests/masked_old22_common.iqtree	15810	c8e1e58e70d1076ef14752228ca19b7b750e262310e3b32c4ef82bd13e673362
cache/phylogeny/tree_tests/masked_old22_common.treefile	840	ff9543124209857a2a004dc5e999953843d58efa4cb3c5559cbc6ce485b814a9
cache/phylogeny/tree_tests/masked_st1_same_columns.analysis.nwk	910	01c8d6aedf6d7c4d08ce2e9175aeaa716b3dbb60c4c59f95719174ffe470564b
cache/phylogeny/tree_tests/masked_st1_same_columns.iqtree	13702	d1aab2caa56c4d0ff9b1c030923154dfec78f81db3d826b96d7fd390a1aef11b
cache/phylogeny/tree_tests/masked_st1_same_columns.treefile	793	6686b5ccf95386304a9508fbf37fe7a373fd28402513ac1773b04b31738f71e8
cache/phylogeny/tree_tests/unmasked_new22.analysis.nwk	957	070092b5ccd57c217068e070402e26091afeb223595ca3cb58e95441a670cd6d
cache/phylogeny/tree_tests/unmasked_new22.iqtree	13244	c1e09dd01be1085436f2a9e88817025f0b452decbf4efc24dfca6e678a711b96
cache/phylogeny/tree_tests/unmasked_new22.treefile	838	f60eaa541f3fea618d966d9297d232ec7d3011f6ec39ca95fe03de34d4b8bfa1
code/analysis/biolog/analyze_biolog_plate.m	5716	94c20add3b57760bbaa67df8cd17ccb3ffae6f4fafbfd0e834f3728a36f4e2dc
code/analysis/biolog/assess_pm1_equal_replication.m	4562	00e82d6fd35706a99590663fcc894d07c320fb3aad811e2e5bb50f6bb19d229f
code/analysis/biolog/rebuild_pm1.m	1701	eb9a05964137a3dba9e11a1c36ecc4a2c8b50f9f0ecb04ef5599ef49f7d80f18
code/analysis/bootstrap_ancestry.m	58	c8d56e147d6f2ec684bb1719867456d6670d20c226ea32edd09e1ff251eb2609
code/analysis/check_release_code.m	935	8798c2c67aa66b2fc6e0109802f8ecf4ac57eb7b4ce80fccd0ce3d6f6a277621
code/analysis/ecology/analyze_resource_overlap.m	8748	31be09d1cadbd686b1a05e7ca20b5523bc4868594da25bdc668e7e6781a3ca23
code/analysis/ecology/calculate_pgfam_overlap.m	7744	ed53b5f8fce346c5b17f2ec1dd3a67f32af98376c73c81115bc43e6aa9433535
code/analysis/ecology/partial_spearman_pgfam.m	1436	5a102bbba58a79f17a3090f3bf77b94ac3bcbca9c6f8e29fce5914850003e0ae
code/analysis/ecology/pgfam_pathogen_coverage.m	1104	94748b8f1daf8224904f1a48632ea6fd8051d38b6f3e3328e145d0bd77530e28
code/analysis/ecology/resource_competition_outcomes.m	1344	43652b67ecbb40b387ee1d3743bcb70c2aabf127d79dd1eef3cea9f8e07ddc62
code/analysis/gcms/analyze_extracellular_biolog_concordance.m	30962	805745bc2ab68ec5ce0ba1a99c057f63291ca7559852f38636c937bffb0b9015
code/analysis/gcms/analyze_intracellular_matched_batches.m	29164	860aa35aea1af7e49e3a1a7121e80296a28617f762a562936a932273a2032152
code/analysis/gcms/generate_figure3.m	19170	329560372f686626274a67eec0d3b716cef44e015d29d684159a137fa31fef18
code/analysis/gcms/plot_intracellular_plsda_significant_background.m	9914	29291ab6986fcf5e5f728a9c6822cbd13094e7a52d52806d9aa3d3999f6fab80
code/analysis/host/compute_residual_microbiome_stats.m	6388	06eb8a223660fc1df6f3adfc44ae841998646336a5569addb361097db88a8111
code/analysis/host/flow_adaptive.m	4853	6bb5cc62d73b2f167283d101ecd05178ba933be23000ba76ded34ff3d9731ed5
code/analysis/host/flow_innate.m	4876	d93a1806c574fcef6e04a8ee8244a13f6a67072cdd35b1c4b1ca3a201a1c5432
code/analysis/host/generate_host_figures.m	14326	86c1016dbebdad836655f3b4b5fdc779396b3bed0a1a90b46967fd9561787e52
code/analysis/package_input.m	296	5e996aa30256bcc09df5f228b55deaa7c5cf4ece9a1452a95434d3d5b112c715
code/analysis/package_phylogeny_work.m	612	c0fa27443f7b4f2cf50ac0e0591345285e65c102a8df3057b8bde4ee124f2fec
code/analysis/package_root.m	167	e0ea6ce4b0ca138192f090f8abe1111dbd602c6f6c16e5d0c3423c767cd5eac8
code/analysis/paper/analyze_amino_acid_breadth_specificity.m	20973	9a2a2ec3fb958936beddeca1d140341999ddabba96fb506632a8d549868777aa
code/analysis/paper/analyze_fecal_cfu_screen.m	23931	d8cb13c98b70d13c80a5b2f2cdbf28ea49cf3632c2b2fa95f56590dd1f135ce7
code/analysis/paper/analyze_mouse_weight_survival_screen.m	28859	427a44819577c528ae5e546954e7121e1410f930d227d9678025a85584688391
code/analysis/paper/compare_pm1_protection_models.m	25331	6c2f487b722635a61744b3c788bcdc1899362755b30b57d895ad075bf0f8fe8e
code/analysis/paper/export_vector_asset.m	3658	293de2179c547de78b46567b9bccfb79730d5d3193a1fb35368e3f860a0f2f22
code/analysis/paper/generate_figure1.m	25125	d236ddaffa57c852991b1162b2b136c7a9b5bdbbea30eb2aa8cf5946289be32c
code/analysis/paper/generate_figure2.m	21425	81ef644019cdf86784a949bd057c4624abfb39e8bd1b8371ecd5d94dcf9d234d
code/analysis/paper/generate_figure4.m	46004	d39fffc76ffd36f81386340baf93e2811eebbb31b0ac95338ca2c181a56f2f6c
code/analysis/paper/label_ks65_mice.m	2076	2e3bd6c8310ab70afc65b4402245cb2c3a8531a8d2e238c51a9f2c08ab185c28
code/analysis/paper/plot_flow_fractions.m	1429	aea7c6418beca80f44950380a09c960b68b39a21010e2ceddd62428ac5ec500e
code/analysis/paper/prepare_figure4.m	19349	12a0e11819053cedcd42b0de600e94e532d7069c487410faaed01c56839f1fe1
code/analysis/paper/tree_coordinates.m	1647	8d35e8807772666eea0e2fa6339709391e38e360bd29e52f6f8852f1005b0a5b
code/analysis/phylogeny/assess_phylogeny_adjusted_amino_access.m	9711	09e7c60a41768ea693750540549f66380df9e672eb9be16c2641aa2387f46032
code/analysis/phylogeny/audit_recombination_stability.m	1307	7778539ac8d6a2e8175a45fc9b96e17b7b4be82bb04c54ab7731000e0602475d
code/analysis/phylogeny/build_mummer_coordinate_alignment.m	5697	321a42049d2142db49fda1224069995e52519176b138d88893816ca58610ac52
code/analysis/phylogeny/finalize_coordinate_alignment.m	2474	f9a78307e37b87c91b3cd9915ca673c6f9bdcba22ca06987117d67ee59306762
code/analysis/phylogeny/find_ambiguous_delta_spans.m	1207	25d5ffd256c5687c47f542cf55e3875f1c0a1e8764cff286200dd20b20200895
code/analysis/phylogeny/prepare_final_tree_tests.m	2984	639cb0fc00aa17c1b5787e816133b9f74dcf96a5bfbaea04afc1e682a793916e
code/analysis/phylogeny/prepare_genome_coordinate_check.m	2580	af3b0ef99296eee5d0de5c37c2f21045d0e00424032e87ff740a9b9a9353fc2a
code/analysis/phylogeny/run_coordinate_recombination.m	1097	0f73c16ca515a8cc58295ee906e2f55d8d3fe09e76c0af2d6fec92007b01f9c5
code/analysis/phylogeny/run_final_tree_test.m	1058	a45bef5305fa8f39312bab414398f37bd25a77819c1064a7676b9b0cc5ec4fda
code/analysis/phylogeny/summarize_final_tree_tests.m	3965	3b48add2d887e211f71b79d2f62b15f0ed724ef811b1a818f872c51e0f05d312
code/analysis/prepare_ancestry.m	51	c7b498eb1aac30a14ad26ac4d49c4b4f34afa7d4049387985094750e53477fcc
code/analysis/prepare_pm1_model_inputs.m	1752	5c89cc4c37f7ea42b171b24cbaf152698fae92ed9282d0c509b1a6c95a96e653
code/analysis/project_data_file.m	134	fe735f1b72118789e618ec7f9ec6ece0b2f6c5e888f7ffc06e275dfcbe88537e
code/analysis/qpcr/rebuild_qpcr.m	2038	effafcbdadac2702fad8cb0c3e930b2207a9f79394877bfc79cbc12b087ef77b
code/analysis/rebuild_phylogeny.m	1364	6c465d225fb6cbb016402e32b9dfe0833ca056f09c81ba49775633a9f8c4c259
code/analysis/test_code_consistency.m	3445	31d754401c176c926a3cbb0db8d2f009f7f4c1a165951728c890820f329de073
code/analysis/test_figure1_identity.m	1842	92a05fd727289839f8fce93789c6e36f881a76c3702584c56477197650e3c10b
code/analysis/test_release.m	9485	dcd382a1f1603fde95c322c6dabb50082da49f8ce2d8db2775deff9f96cad23f
code/analysis/test_resource_overlap.m	3817	1b361080255112e86450ed603b901aa190edff03041fd651af1eb114f55b6ad7
code/analysis/validate_inputs.m	639	3aee28b6ba0ec85a6edcc0f12f424fb94988e849ca1c36a6002988032ea8fa28
environment-osx-arm64-explicit.txt	23558	00a63c94d2e4f312b7fc4106447633b81e482a1851044f26f0f9a61f73da3886
expected/alignment_checksums.tsv	459	3a0d15fc3ec341c47a7ae0f7268db7168bb45ee99ea81c290ad5b4e6a64d3b06
expected/fixtures/alignment_ties.delta	282	0aa9e0465a2889ca10c71762c0a06b259145227ae5634334d753f562d2ae322f
expected/numerical/bootstrap_summary.csv	70	9e7ef50155d8f116446da5d13d97bf248d72c44a8e16306edd130c55f05ea199
expected/numerical/coinfection_survival_comparisons.csv	6765	ee2bd701d293713e41b1e80a74cacf5e14adf35a1de8b86c3c9db8e415a6107d
expected/numerical/figure1_focused_qpcr_observations.csv	347	9f12d41d80cd104ae5d20f284e9aebbfa61eab505ea4e2a388d6dff97edd8231
expected/numerical/figure1_protection_effects.csv	428	a4795b5362cb623ec08505fe1cc45c11a4bd1600d2b0cd243432313071b05b51
expected/numerical/figure2_focal_monocolonization_cfu.csv	14390	f1d415cddca0e2e92b4b8f04523996a9cc5b441c53bd1b981d836bd59e7d5603
expected/numerical/figure2_ranked_candidate_scores.csv	4616	45ef2e289ceaf1a6477ea830c21ab9ddc99ab5c6203d4a8d14e0ddbc43569124
expected/numerical/figure3_extracellular_global_tests.csv	957	de751ae0556020110ad551da24ebdb276808b2bc6ebad869357b7fa80bb58654
expected/numerical/figure3_extracellular_plsda_component_variance.csv	128	0cd28c7c151b99d9eccd71446d50b1967776803f3ded363fede4ee4b5246a057
expected/numerical/figure3_intracellular_background_screen.csv	1935	b6ba521a7e3f0c47127694f8dc7580da4b9d525f785150ee8dbaf431d4500bcd
expected/numerical/figure3_st175_st168_matched_tests.csv	1754	fd8d88f31befc562e6b369edcff32250fc8ff41b27366a8b6c08ce48ba364f8e
expected/numerical/figure4_association_statistics.csv	282	94227faa91cfae5222526b07d8e80701a533e515b110a90a9adec57b5ca846d1
expected/numerical/figure4_class_associations.csv	1962	ad66c1df02170976547537218c5cc18014803f18d4afdd260c81252833a299db
expected/numerical/figure4_disease_adjusted_model.csv	477	f9f300407790beb7d5faafed168b82848213711ea4d4a44740be2a7bdfceecbb
expected/numerical/figure4_focal_patristic_distance.csv	86	9a739961a96c0f9549f924b9c2b5d692f6dd4ab547cf93606a9f9c6e260e09b5
expected/numerical/figure4_focused_architecture.csv	901	14720b0b404fcc33a966764d099fa6983e5e741635435f45ce01a0a9414bb74c
expected/numerical/figure4_phylogenetic_signal.csv	580	535abce9309a0605dd517fefab80eaacaf2eef129e8bfd7930c2ab5196ce54d2
expected/numerical/figure4_phylogeny_aligned_traits.csv	4285	8c1f2cb4bc60fa7c049578af1700b370a1c5d47099279a37d03b61053bb13a31
expected/numerical/figure4_tree_tip_order.csv	152	cef02d3a58ecd768fd1dc3b52e64b093925ffb3fb4b9197fcfe89a0e81d09e4b
expected/numerical/figure5_rag1_protection_model_effects.csv	481	a78a84010fcffaa9cb3b8a7ea4bf58635328121895196fd15f0098c905811130
expected/numerical/figure5_residual_microbiome_summary.csv	2774	041da65876faba807d1b883fbda17ec6a3d3e81df2a4d4eb5126624b36f7355d
expected/numerical/figureS1_fecal_cfu_global_tests.csv	1134	85b6f83bd6c0c5b6d2c28d44d79bf35cbe4c1b170785b8419161b17e8fe41e27
expected/numerical/figureS1_fecal_cfu_observations.csv	158841	bbef28799f985967c123ed2b6e44dc6f3d9ab9073b8dbbcba5585c710a08d9d9
expected/numerical/figureS1_fecal_cfu_score_associations.csv	1064	a92869507d1fdb056ad07735f3dfc4478cfc26460899a0d8b2f2a27dde08b8dd
expected/numerical/figureS1_fecal_cfu_strain_summary.csv	8585	a0101d1fd0838fe6dcd15c04612f4b2d126c59c66150778e859e9cdedbf3c030
expected/numerical/figureS2_amino_bootstrap.csv	148	de448e9f5fc97e79785b79717195bd49fe1ae8474573885055734e0cefe45b80
expected/numerical/figureS2_amino_leave_one_strain_out.csv	1846	68afb55cc380f6ba88979112f7ea064841ce33628c110f3e552ee53b5816aeca
expected/numerical/figureS2_amino_leave_one_well_out.csv	2726	a1d2c4b6362d877fad5fa0ccac3c8b016e64d867c4bba3668152e55146b2d779
expected/numerical/figureS2_amino_nonamino_joint_model.csv	425	f1678f0667c51e690af98fa4a65297a9fa3388bc319438f3e714adeb1801200e
expected/numerical/figureS2_amino_nonamino_specificity.csv	742	6eeedae0e0d2d94210a9ba2e38aee2f679ebf007ad6fb390f42359281c295b48
expected/numerical/figureS2_strain_pm1_calls.csv	3622	758d1c71981d0beb93179f1a759e5a30cb1b22ef64b4be4ca08a80be14ed7e30
expected/numerical/flow_adaptive.mat	688	047b7ca400301c9c8cbca074b0b15e4814dfdfe250f10f159c44c60ff7ae377b
expected/numerical/flow_innate.mat	760	5f60022b083d32a5c424d00f9945e62cfc08eac7d8a18b2600e587a1f8781443
expected/numerical/held_out_predictions.csv	2024	f351ad8d790777032081631e83cadc16cb151eec79be6e17a362b27de81a843b
expected/numerical/model_comparisons.csv	1816	dfaa22eee258d7fb5a7155c2d7d9383f796e5e54962c31d9f9ce65cee93e7e5e
expected/numerical/primary_terminal_event_zero_scores.csv	4549	0154d3565a98ec20c6bc5a54b8dd0e5ac2b3c8342f4267b95d1b6390ee828169
expected/numerical/tree_trait_sensitivity.csv	2086	bfabef2c9d4562cc08f6bcc99a83bd4795ad5f7615a80abeb19fae44415d186a
expected/regression_manifest.tsv	6159	9d5fad34ec04b868111f07c026b38e41ed78c5f25f9aa7ae4c71cad211eb3713
expected/resource_overlap/rank_associations.csv	1496	4e65b20b5bda5aa03f9403fb8c2c30675687167c913a201a6b2bc1aea5bb0125
expected/resource_overlap/strain_aligned_inputs.csv	2566	809d1bb4fbb041dd19781fd045ce82cd325323b6276737254b5d22e533dcc763
expected/source/Biolog_growth_matrix.xlsx	8904	21317c265055adc72ad0f5a728f7dbdef9fed4697d48150c20fffa6ec1240972
expected/source/qPCR section.xlsx	7197	6502104fe560bcbc51cbf05b45f6a1e572b81ca197dbffc641a80ac44ed5f4dd
input/biolog/Biolog_names_sorted.xlsx	7379	1a8a4dcf9bed683464d47e350223252d5dd862b4113334391ddcd55ae9e94fd9
input/biolog/moas.xlsx	9461	115186c6207d6e63ae33cba9412840e2e533fa1f230fc28bb73098c0b2f2eb57
input/biolog/plates/ST1-11/ST1-11_PM1.xlsx	95981	7eaf4b8d8c1746c43f47ec5c3fa16c22e410af058fbc39c639066954c21f4962
input/biolog/plates/ST1-12/ST1-12_PM1_1.xlsx	130446	55149209830185ffb18daf3786271875ceaf40049b1ced277663202d112acd3c
input/biolog/plates/ST1-12/ST1-12_PM1_2.xlsx	129363	17a3fe1f37114f8ddde80ba8a57bd527f95a62f88d8c543843c529425d16b709
input/biolog/plates/ST1-12/ST1-12_PM1_3.xlsx	129225	c37f46c7936edbc06116d6d2770194b0b9e34ee16cd100f31015857fb388f3c1
input/biolog/plates/ST1-19/ST1-19_PM1.xlsx	187414	125f73391415954195168b84ad6b7d64984c6c46771b8c06c646d3db330fd589
input/biolog/plates/ST1-2/ST1-2_PM1.xlsx	49306	dd19ff73bb746d02d674e6fc6adf0c7f8ba59835ade8a903a7f4044b4195f602
input/biolog/plates/ST1-20/ST1-20_PM1.xlsx	649208	f037ce5df392a74794b2e7d203898830784eeeab1e5562cf3289c3b55e45c436
input/biolog/plates/ST1-23/ST1-23_PM1.xlsx	76808	40c4deece7c657a5f7311f02d2e4f32f70266a2769e1a4595193b6176b3f9915
input/biolog/plates/ST1-25/ST1-25_PM1.xlsx	167164	7d12644bcd81aac01cf06324b87ae2b77da6c9773c97ce2dc5fbf52d02807491
input/biolog/plates/ST1-27/ST1-27_PM1.xlsx	61828	a89f304653f2e192bcd6da519121e2592bfee04ec69e6ebb5e29d38960d79ad5
input/biolog/plates/ST1-49/ST1-49_PM1.xlsx	101710	31bacdb5a8e349b5a9fbd563857376a4682679362eb4a36412ed0a8fea7bf41a
input/biolog/plates/ST1-53/ST1-53_PM1.xlsx	87500	d35241a977411191643620224d45665335dc5629b71be3c4b01bcc44e4bf42ed
input/biolog/plates/ST1-57/ST1-57_PM1.xlsx	175294	ca513627f4b7930307d28bdf7aa9351739691a167295b23eca62d315d92f87dd
input/biolog/plates/ST1-58/ST1-58_PM1.xlsx	111430	017b24d47bb5d91f86f68a5f3466e605dc54d0f9ddacbabfdc5edc09621e1e25
input/biolog/plates/ST1-6/ST1-6_PM1.xlsx	284586	cec7bb19d83ab49c2ffa80e763e33945d8298519e7e17f157923d331a5e1e7fa
input/biolog/plates/ST1-62/ST1-62_PM1.xlsx	60481	b5474c5aee6825f280c337288464e605475cbc9bb587a392c345f436f2ce87ed
input/biolog/plates/ST1-63/ST1-63_PM1.xlsx	95694	7d2285ffff4ff0f8937056a8be30b6fe75ba6f16f088d03f341abc9cc2e916de
input/biolog/plates/ST1-65/ST1-65_PM1.xlsx	69704	6e6c656bb92b4d383bd7d6c933dc51a18674b68d2dbcda3b427f776773924216
input/biolog/plates/ST1-66/ST1-66_PM1.xlsx	154941	8e8cf39f25be5e1cf79e6b72c2828d981c64083a69dced533308a1b837df7810
input/biolog/plates/ST1-67/ST1-67_PM1.xlsx	214723	4c4906573a2d4c169c85e6508e10fc515ebc8c4a76df2d858ecab03bac493f87
input/biolog/plates/ST1-68/ST1-68_PM1_1.xlsx	74497	602edf416f0c88570884215a8c46404ee687b3237cd79fced3806984de656b3c
input/biolog/plates/ST1-68/ST1-68_PM1_2.xlsx	77787	4bf1baf102d380a0a78ae83bfbd20f9730f867f44909ac7d38ac921613ad180b
input/biolog/plates/ST1-68/ST1-68_PM1_3.xlsx	102635	d896b58d9a1907128f01213262dfea1cce9b0285780ca11d90eb9bc001738aca
input/biolog/plates/ST1-69/ST1-69_PM1.xlsx	92505	fd7a4c4a89e3ea0b2d518dd9c75f035851f17c18a09c19094a1aefdddf43f301
input/biolog/plates/ST1-75/ST1-75_PM1_1.xlsx	136737	666903ddeda971f4b9e0f17841961dc6af70ddee63f5e2dbf2899e0eb1bbab01
input/biolog/plates/ST1-75/ST1-75_PM1_2.xlsx	116875	ab2b18e3349d2cf0841e26c456d0562b2aac763b7b7c16365a3be3cd0437f2b2
input/biolog/plates/ST1-75/ST1-75_PM1_3.xlsx	57689	b1b7b34ab58c8f05e2a6784b0ca227fda40629f529e5bd101aa5ce5eccf2dbc0
input/biolog/plates/VPI/VPI_PM1_1.xlsx	63246	d796d4fb7953f35e872b1dbff54d3e874cb248b1383aa6bd9b8830938b495a82
input/biolog/plates/VPI/VPI_PM1_2.xlsx	85402	b821872e6fed2623fa622b053f71d22c4fb1194f202602cf6bc39b67d048b940
input/biolog/plates/VPI/VPI_PM1_3.xlsx	88562	72cf95aaa31d9fbc39fe180871210203ab9228cb2df529818dfa980d070bfc9b
input/flow/ks10_adaptive_csv_files/B_cells/Bcells_Specimen_001_11_B_cells.csv	26139	c747a9c81e554c7d51de84d6888f44e96133aab28acb9b6bef9fa72a7c7f3e4c
input/flow/ks10_adaptive_csv_files/B_cells/Bcells_Specimen_001_12_B_cells.csv	19368	4bb1db778925fb2a5afdc21f23b4b6b639afeb0f4e4003205f781e720f0eacff
input/flow/ks10_adaptive_csv_files/B_cells/Bcells_Specimen_001_13_B_cells.csv	100530	b58c090c4d0f5f69798e7e87d58ea378b618a28f9c95a82a14c3d992a804e78d
input/flow/ks10_adaptive_csv_files/B_cells/Bcells_Specimen_001_1_B_cells.csv	50570	a87ff7212cc34663777d09be73e62613f9ef5a6513cf4f440115d3292704987c
input/flow/ks10_adaptive_csv_files/B_cells/Bcells_Specimen_001_6_B_cells.csv	34153	159c6b94f8867376c7deca86aafe360ee42cf27aee556b28290d9ea7339441a5
input/flow/ks10_adaptive_csv_files/B_cells/Bcells_Specimen_001_7_B_cells.csv	8249	52e41708e708c997f5d29b66b37892ea0a7fb5185dcac6f9eeacf1e9d607e84f
input/flow/ks10_adaptive_csv_files/CD19negTCRbneg/CD19neg_TCRbneg_Specimen_001_11_CD19-TCRb-.csv	121755	ecbe547182580d0659f21ee3fac811612e22599e584cbabe4c437552925c8e7e
input/flow/ks10_adaptive_csv_files/CD19negTCRbneg/CD19neg_TCRbneg_Specimen_001_12_CD19-TCRb-.csv	81513	8a95742395e61e82c979e2c00baf30ea1feea84358b84b66e5a452208db1044e
input/flow/ks10_adaptive_csv_files/CD19negTCRbneg/CD19neg_TCRbneg_Specimen_001_13_CD19-TCRb-.csv	202108	fdd4d0af4febbe9edbb8d0c830d89b39a37a5093e6a6bb6bda8a08110dea6976
input/flow/ks10_adaptive_csv_files/CD19negTCRbneg/CD19neg_TCRbneg_Specimen_001_1_CD19-TCRb-.csv	122320	c10eb1d12fad360f87dbd8c1cfe582acdb03e77444d4fe8a84619e3f88216a37
input/flow/ks10_adaptive_csv_files/CD19negTCRbneg/CD19neg_TCRbneg_Specimen_001_6_CD19-TCRb-.csv	148651	eacaf400a671e5e65384663fa381043f7d6339849464f81f1007601d7bad5727
input/flow/ks10_adaptive_csv_files/CD19negTCRbneg/CD19neg_TCRbneg_Specimen_001_7_CD19-TCRb-.csv	101377	da9633bdb401022c65a2c43f8b008d25ec0ab965df76cbc2a6fd463d95d3a45a
input/flow/ks10_adaptive_csv_files/CD4pos/CD4_Specimen_001_11_CD4+.csv	18401	86e2e4123468663353c5fb8a968a7207d0d947ebb58dc8488c46d8d28726750d
input/flow/ks10_adaptive_csv_files/CD4pos/CD4_Specimen_001_12_CD4+.csv	6104	846eb6549cff545699ebbabef9b06f8e155dd4b44a4b097891335b689858d034
input/flow/ks10_adaptive_csv_files/CD4pos/CD4_Specimen_001_13_CD4+.csv	24728	e39e8948a6f96f235302825a5a83f0c39e5660b70616dfceb464cca1288801c3
input/flow/ks10_adaptive_csv_files/CD4pos/CD4_Specimen_001_1_CD4+.csv	28923	8f7a80b1e47391b65cc23de4602b7503fa597ef8aecb75b6042df420f4869920
input/flow/ks10_adaptive_csv_files/CD4pos/CD4_Specimen_001_6_CD4+.csv	13847	4a06680a52136259f650ffa3df7af60beb55acaff5f76976e5b6c69f20645bac
input/flow/ks10_adaptive_csv_files/CD4pos/CD4_Specimen_001_7_CD4+.csv	10578	1ce17aa205afd72b6876fdab20c708bb08396278223612edd12981b5b214ce36
input/flow/ks10_adaptive_csv_files/CD8pos/CD8_Specimen_001_11_CD8+.csv	56741	fba0534a13c72e58e897adab340d7daf7ee2dae598b071d7a96b0f906b8296df
input/flow/ks10_adaptive_csv_files/CD8pos/CD8_Specimen_001_12_CD8+.csv	35433	822319c826d15e8d9cbc2a9e768f88a88866569b993cfdf1ad31c072074f0805
input/flow/ks10_adaptive_csv_files/CD8pos/CD8_Specimen_001_13_CD8+.csv	72839	251732e7c76ca9f82daed839f59e225ca41eb507059828135e3d7c9b5ab72398
input/flow/ks10_adaptive_csv_files/CD8pos/CD8_Specimen_001_1_CD8+.csv	69948	2ddf6d1c0bce5f6272e38af817a16c349f3fd2ee8426ef35e8de0cdc46fa667d
input/flow/ks10_adaptive_csv_files/CD8pos/CD8_Specimen_001_6_CD8+.csv	63453	d33379f32d042a68fcb9e08747fd2e1a8462feb17e81d6e895c891e403028940
input/flow/ks10_adaptive_csv_files/CD8pos/CD8_Specimen_001_7_CD8+.csv	31535	d236aec67b3197096d87381144067bbcae8970810893176d2db6f146b3b0d63a
input/flow/ks10_adaptive_csv_files/NK_cells/NK_Specimen_001_11_NK cells.csv	7836	c93010593e4005a8c7ccbe1db52fe5ab462ddc29922ff9521448e4649b519389
input/flow/ks10_adaptive_csv_files/NK_cells/NK_Specimen_001_12_NK cells.csv	4786	6195953ae6279907687149c88eae4cf6d14384df836ca5d0488dd842d8307917
input/flow/ks10_adaptive_csv_files/NK_cells/NK_Specimen_001_13_NK cells.csv	7998	0f68a5e7da69557a623c9a63fe3df6577be24bcf6e8fe8a49c83142ef02b6544
input/flow/ks10_adaptive_csv_files/NK_cells/NK_Specimen_001_1_NK cells.csv	9802	531b51d25810bb7ac741b13cc4453b03d0b6afaa1e0b7ecd41d4bd40fe03973f
input/flow/ks10_adaptive_csv_files/NK_cells/NK_Specimen_001_6_NK cells.csv	8283	ea49db6c293ed7665948fee132f6258e5b3a64862fd4e81c104061c3f7ae5747
input/flow/ks10_adaptive_csv_files/NK_cells/NK_Specimen_001_7_NK cells.csv	9885	71f85ad8f5d9ff54a62eb8b4519497b2040292210e7d1041d91a69ba99de504a
input/flow/ks10_adaptive_csv_files/T_cells/Tcells_Specimen_001_11_T cells.csv	114646	6d472fdea011cda32fe40e6e975e1075a6962eda14da55723d24a3e8b2f2432f
input/flow/ks10_adaptive_csv_files/T_cells/Tcells_Specimen_001_12_T cells.csv	63883	8a587715d80bda30bf99a50e4cb68c4bf0d60e03a661a772a93907d43da8012e
input/flow/ks10_adaptive_csv_files/T_cells/Tcells_Specimen_001_13_T cells.csv	143682	417302a2f5f548fc2f1218d42a69b42bdf6e8145643511c7f43973ae40bb4fa0
input/flow/ks10_adaptive_csv_files/T_cells/Tcells_Specimen_001_1_T cells.csv	138688	250e61e935fda430e9c6cea849decfd44f29a64febb1fca4b608da15b2b713ad
input/flow/ks10_adaptive_csv_files/T_cells/Tcells_Specimen_001_6_T cells.csv	119148	bbadb8ae185f4734d1afa08da828f72d59f46ec4473077f4e8fb8a471195225d
input/flow/ks10_adaptive_csv_files/T_cells/Tcells_Specimen_001_7_T cells.csv	64162	72a59ffcbfe0530d137b060dc4e39a92ae51db14f672b286f34ed927e1502894
input/flow/ks10_adaptive_csv_files/all_adaptive/all_adaptive_Specimen_001_1.csv	5974219	1b515ea22be67aede1f1cd9316ce7483656b7cca062fc62f854ff68aac0ae26c
input/flow/ks10_adaptive_csv_files/all_adaptive/all_adaptive_Specimen_001_11.csv	6001798	159bad9ff7223668f14818af4739977a311424aa7ce0d714597bab16b38b8dc5
input/flow/ks10_adaptive_csv_files/all_adaptive/all_adaptive_Specimen_001_12.csv	6008686	a77bc99e3d9ace3e26c637f3d6cb59825953702781771b26b425e3100a5e37f0
input/flow/ks10_adaptive_csv_files/all_adaptive/all_adaptive_Specimen_001_13.csv	5985048	d1b394749ff1e49b4a3c3d10cbfbda0638c649a2dc5e8316a19d2d9fd34da85c
input/flow/ks10_adaptive_csv_files/all_adaptive/all_adaptive_Specimen_001_6.csv	5974619	52de1c135b8f00827fab1c6051bc92d96cce960ee0177095b9810b1453ec5c21
input/flow/ks10_adaptive_csv_files/all_adaptive/all_adaptive_Specimen_001_7.csv	6010705	ccd5f22234e1917e7a8b0562164536bbd489b798aee6967de2150e7ed32a9a6e
input/flow/ks10_innate_csv_files/DCs/DCs_Specimen_001_11_Live CD45+_DCs.csv	6988	254e682b1a6715827937022ed7fdcecd36f9396e92735b05bbc36a399cef1dcb
input/flow/ks10_innate_csv_files/DCs/DCs_Specimen_001_12_Live CD45+_DCs.csv	4016	00067ecf5257dd865099a07a5f52345884e9db6751efcf081ce99282808e6cdb
input/flow/ks10_innate_csv_files/DCs/DCs_Specimen_001_13_Live CD45+_DCs.csv	9659	fc73f18a2895e5214a2a0f944641dc0245a2e6d8743204b25a417aaebdead822
input/flow/ks10_innate_csv_files/DCs/DCs_Specimen_001_1_Live CD45+_DCs.csv	9548	968000a1cbfe4629be42739183d946d3598860971e1bb1a797bbfc05ca610a11
input/flow/ks10_innate_csv_files/DCs/DCs_Specimen_001_6_Live CD45+_DCs.csv	9151	41e7ea46300c8586fbad4f1b8eba8adeaaf0a477bc053f1eaa32feb21072c75b
input/flow/ks10_innate_csv_files/DCs/DCs_Specimen_001_7_Live CD45+_DCs.csv	8220	14e6401ada7de2709d1b7e521c928df29985ca72c33f41c6e18a0794f1beeba9
input/flow/ks10_innate_csv_files/all_cells/all_cells_Specimen_001_1.csv	5449235	56e600143a8f03d92279a8f1551d5984003f823806ff8f3301ad4338dcb32074
input/flow/ks10_innate_csv_files/all_cells/all_cells_Specimen_001_11.csv	5472872	ee29a871a6a86cdf70b1ad454ae571d8df0517a3d1213580ad4ebfaa6e621be5
input/flow/ks10_innate_csv_files/all_cells/all_cells_Specimen_001_12.csv	5459532	6cfdcc4a47a904eb4ac7ed3be0a816eea77a600c589e9c0a38b6c4b3bae8aba8
input/flow/ks10_innate_csv_files/all_cells/all_cells_Specimen_001_13.csv	5448650	8874585d38b5123710d3789cae6f517bca76087a54c39bc9429dcffe588fb53b
input/flow/ks10_innate_csv_files/all_cells/all_cells_Specimen_001_6.csv	5446369	4e5215de0c887171d18d5e862085c9ca4f79344e05226634712943c03bf1d482
input/flow/ks10_innate_csv_files/all_cells/all_cells_Specimen_001_7.csv	5477913	348b2df153dce5bc96c553c156a4acd89368882f77adca6117f8792acba282b5
input/flow/ks10_innate_csv_files/cd11b_pos/CD11b_pos_Specimen_001_11_CD11b+.csv	29990	cb1c84ea20331107ebb1de90c7a3c2e97aa8e0b7473244806796e525036fafb6
input/flow/ks10_innate_csv_files/cd11b_pos/CD11b_pos_Specimen_001_12_CD11b+.csv	19586	bdfd8c7a74a1d8567a0ac4563a49ad6e52d59c7fcbd942d401806da5ca317fa6
input/flow/ks10_innate_csv_files/cd11b_pos/CD11b_pos_Specimen_001_13_CD11b+.csv	68759	f925d79d993e66e86f8d9e86fb71c228376d6ce663f786531c739c52e362e872
input/flow/ks10_innate_csv_files/cd11b_pos/CD11b_pos_Specimen_001_1_CD11b+.csv	30265	bf6e5a6add3f2906506a21413ece3d2af1e348772ee89fd6b5e2371ffc4c9603
input/flow/ks10_innate_csv_files/cd11b_pos/CD11b_pos_Specimen_001_6_CD11b+.csv	31180	b76545475d81cf4c09f727cc52ffe5c0e32d8db805dfad3ed7881216faf4e2f0
input/flow/ks10_innate_csv_files/cd11b_pos/CD11b_pos_Specimen_001_7_CD11b+.csv	27747	4cfc6cd659156b1ca907b4f9ebe7099388543cb37ae8e13332a51a21b350e8d9
input/flow/ks10_innate_csv_files/lymphoid_DCs/lymphoid_DCs_Specimen_001_11_Lymphoid DCs.csv	3149	4e542a4cf972805a170b50d3da932afd65363a7beac22f6c1a769e4e1740b534
input/flow/ks10_innate_csv_files/lymphoid_DCs/lymphoid_DCs_Specimen_001_12_Lymphoid DCs.csv	2483	619f671c71b203676be490bd4838df77ca87b2ccb54873529ad32a0d6a5f0161
input/flow/ks10_innate_csv_files/lymphoid_DCs/lymphoid_DCs_Specimen_001_13_Lymphoid DCs.csv	4478	69a9b1100c54d293ffcfee08b2a25fbe37499bd38258592a32d6598fe9dcad25
input/flow/ks10_innate_csv_files/lymphoid_DCs/lymphoid_DCs_Specimen_001_1_Lymphoid DCs.csv	4992	3e748a28134d0811cc18915eabd4776166c425f554ab2c926fa5a71d77ec212d
input/flow/ks10_innate_csv_files/lymphoid_DCs/lymphoid_DCs_Specimen_001_6_Lymphoid DCs.csv	6354	7abca0a39e7c826833984e633c557d208d179b1dcb165521ab79110a7862930d
input/flow/ks10_innate_csv_files/lymphoid_DCs/lymphoid_DCs_Specimen_001_7_Lymphoid DCs.csv	5204	e5daaa1ea78838523c803d11d0eb7f64fbdd8e5534c7a779d899b8ca24fdca47
input/flow/ks10_innate_csv_files/macrophages/macrophages_Specimen_001_11_Macrophages.csv	28443	b32ebbcb472ea4598cb911ac7d701d89954254f9032f5fbb65580a52dfeaaf7d
input/flow/ks10_innate_csv_files/macrophages/macrophages_Specimen_001_12_Macrophages.csv	18976	36a54267f1fa66fa6a5570f62080ec6f6589c9c471281dee776b900068d8bcc3
input/flow/ks10_innate_csv_files/macrophages/macrophages_Specimen_001_13_Macrophages.csv	62573	ca02a13edaf1213929761e168d4f897442e749a541a283c630460486a77a04f1
input/flow/ks10_innate_csv_files/macrophages/macrophages_Specimen_001_1_Macrophages.csv	28188	e72f0080d20be0b91cf1b936947ff7f5a9fb676483369bc17a4d57a782a7f8aa
input/flow/ks10_innate_csv_files/macrophages/macrophages_Specimen_001_6_Macrophages.csv	28768	4f1e5a39f0439a767ac8270320cf7a1855d00076c80f246c00b7077557afdb67
input/flow/ks10_innate_csv_files/macrophages/macrophages_Specimen_001_7_Macrophages.csv	26978	94d868e26e8c7482f3af5b77a3849cc13716671e9e0962fcca8971c0c0abecff
input/flow/ks10_innate_csv_files/monocytes/monocytes_Specimen_001_11_Monocytes.csv	879	7b67dc72c48b1faf1f5899c2b892fbcfa98d5a630d64a220fc77e33c21297620
input/flow/ks10_innate_csv_files/monocytes/monocytes_Specimen_001_12_Monocytes.csv	390	d104daefbd2f432bbbe1825a33e5224aae92904ca92bcd5f7ebcf21acb900595
input/flow/ks10_innate_csv_files/monocytes/monocytes_Specimen_001_13_Monocytes.csv	1045	da17db8842d46d12fa3d5fce00b9a97a30c104754a9f626a2a303338619ab7df
input/flow/ks10_innate_csv_files/monocytes/monocytes_Specimen_001_1_Monocytes.csv	1696	667dba7e3b95d7bf30fb68939eb7d7237212085ef03e89b0bdf00a9770a0182b
input/flow/ks10_innate_csv_files/monocytes/monocytes_Specimen_001_6_Monocytes.csv	2028	1906d668737d26cfe8d69f5ded7f83937d30d285566fe640b4beb3b7b407fa5a
input/flow/ks10_innate_csv_files/monocytes/monocytes_Specimen_001_7_Monocytes.csv	715	b9cc91bf5877988deec6fcf56a006e85861e08079c7f1e49a5a88c797d6270c7
input/flow/ks10_innate_csv_files/myeloid_DCs/myeloid_DCs_Specimen_001_11_Myeloid DCs.csv	3789	59d6fdc3a8f5e502cef51d2c865e7b8293d28d635e1650954cb2236a1577163c
input/flow/ks10_innate_csv_files/myeloid_DCs/myeloid_DCs_Specimen_001_12_Myeloid DCs.csv	1648	71ff64a72e3084577c04cb033a5c8984de9626a46c43b7b80ba0d1873af190e6
input/flow/ks10_innate_csv_files/myeloid_DCs/myeloid_DCs_Specimen_001_13_Myeloid DCs.csv	5077	9a22eb5f5f3a21b9a61d9be6e024fad8befd1f3cc197d99235b0ca6b63bb7e8d
input/flow/ks10_innate_csv_files/myeloid_DCs/myeloid_DCs_Specimen_001_1_Myeloid DCs.csv	4453	34ee3b5601a2747691a1b629ff3146bcd7119bc68aa9a632c295e161ed8ab388
input/flow/ks10_innate_csv_files/myeloid_DCs/myeloid_DCs_Specimen_001_6_Myeloid DCs.csv	2689	00fbf3d5b289d110118f5befb922f4b7cec87895fbe902caddfc7c42a7dd2d53
input/flow/ks10_innate_csv_files/myeloid_DCs/myeloid_DCs_Specimen_001_7_Myeloid DCs.csv	3025	477a65577f9c9846a6c79631841e482d62c17b8d5d7505dc223fc81a0ed0da13
input/flow/ks10_innate_csv_files/neutrophils/neutrophils_Specimen_001_11_Neutrophils.csv	560	7d0343200b15a5cf998f4e99f74a3f050be9ed8c2ca021d687119e05a47c34bb
input/flow/ks10_innate_csv_files/neutrophils/neutrophils_Specimen_001_12_Neutrophils.csv	337	aec239091f1073da013e4501ea5a30ce04caf1f8395462c69b0a0a254a7139ef
input/flow/ks10_innate_csv_files/neutrophils/neutrophils_Specimen_001_13_Neutrophils.csv	4085	eff398301e760e7e4e7c9a2309ec00b59d41bd7de5a7277fb8658b908f2cab36
input/flow/ks10_innate_csv_files/neutrophils/neutrophils_Specimen_001_1_Neutrophils.csv	448	ac6f2eaa75fb91d5fa58153c04f4787cb1b562235592f16e1632162a231993bf
input/flow/ks10_innate_csv_files/neutrophils/neutrophils_Specimen_001_6_Neutrophils.csv	392	663035a6e415a1b86023fcee796482525b86c48ee469a604e98576cc4ef9e24f
input/flow/ks10_innate_csv_files/neutrophils/neutrophils_Specimen_001_7_Neutrophils.csv	337	4584f1e11f537c43958d7c23782d2ce89d2eee9b5b77bacb8eb29faeb3003a5a
input/gcms/intra.xlsx	7900	7f43630d881661eb8a9f4343b4fc1852a4bb0a6e810eb7d3c69ce7ee4ef1143d
input/gcms/secretome.xlsx	5425	3fa9be1710f16581e5ba0f6a5c3709f4a31034e0cfb55b5315e75df607c06c51
input/genomes/GCA_001995155.1_VPI10463.fasta	4357468	f944fb3e4ab1be369a480ae92898d476a97baae5e299a3dba4b16a8da17cac8f
input/genomes/GCF_000027105.1_ASM2710v1_genomic.fna	4243795	2b4ed0752e3c0a459735bcdf4a226ba34ba67b7940d0192f835f3987ad046591
input/genomes/GCF_015238635.1_ASM1523863v1_genomic.fna	4367279	47d3a3cc12e2b1cac31f6515507e6ae87680bf730a739d0c0a863ac1c52da4d7
input/genomes/ST1_11.fasta	4153728	d37a7a75281050dcef5b462e7c2963fb6aaf70f47a9d8d988bef7fbae04a4e9d
input/genomes/ST1_12.fasta	4143551	ec4b4fb85963fe96e818123207ba404b0c50b96c2bb2acffedecb72978d8edb6
input/genomes/ST1_19.fasta	4159487	23ada54a9ec724375fe9ee2332e3e51e810b3b3167c740d2ceda443810561466
input/genomes/ST1_2.fasta	4066228	3a0c6787da8810025f83a772ba21f7febd71a169b675ce9081e625803a902b7b
input/genomes/ST1_20.fasta	4245573	423a98605501a8eb245f9d7e91ccd4b9e16e6f465be15bd4786727865317612e
input/genomes/ST1_23.fasta	4246313	278aec13112b966e8e1aa09d48bf9524b114bab475e797d1f0f9f39a1228b890
input/genomes/ST1_25.fasta	4206628	c3fd77b1ff21adaf2fc89755630f62fc06b39d019add00ef495e0ed12a264edd
input/genomes/ST1_27.fasta	4199270	613d60be4bf389fe80c828fb5ced3a2593850c377d9e0a072a47e5aed4abf5cb
input/genomes/ST1_49.fasta	4161180	9610beeacb228f536af4c24af8bd25cf0f59b2600198aed08ceb07a08d51afa4
input/genomes/ST1_53.fasta	4198540	c7e8d04687a70e3709b0a22ce9f18bbddf87ba9e777be1a06995f130ba263846
input/genomes/ST1_57.fasta	4204692	98bb644e64e764bc9679e569d0f6a558dfefa8840871e6b3cf808eca9611f330
input/genomes/ST1_58.fasta	4233539	fce79035bbf088c9e2dd0cbf30c107f4713e4e43b04934c33d38e915ebc462b3
input/genomes/ST1_6.fasta	4167666	66697e38fb96ae22b1cdc6ef1f1fde9b4083e8b222488fff4424e9e39bdd6710
input/genomes/ST1_62.fasta	4279935	aa65eadbfd1d10f8bd02b64c2c7bd9c01c133f2f0fa35c28e7c1a82c618ef6b1
input/genomes/ST1_63.fasta	4202397	b1ec6c9fd027924521f0794aa8e85eaf8ea56dc641f67e52eddc9f306620d07b
input/genomes/ST1_65.fasta	4213942	180e954cc35a211ceb205b02829d27727138f5fda7e535a232b53758b5a815df
input/genomes/ST1_66.fasta	4096358	07ac50b8820ec1e8e8fff69d4bc58e8a2835112f19b317bb46ddc6e8b964c680
input/genomes/ST1_67.fasta	4172377	4dd88d020c03ddf594891c2ea9dab70091577e5cf21bec3dae567f29723f7fbf
input/genomes/ST1_68.fasta	4153949	1aa14fc25d96ee19e9b63383b8a22c1c3c2b59cf45a971111842033ed278856c
input/genomes/ST1_69.fasta	4133453	02cb6881d3aca12a18e25343345fa878cd1ecaa38376bf52293d8f4a38244c43
input/genomes/ST1_75.fasta	4173540	2227846055e4c2429630562609a3e2e23b2a3cfbc27e3b358003e382edba82b5
input/microbiota/tblAbund.xls	59904	50199b93ff39d574a9a2989eabcfc8946ad6fe5965074b06f2e60b1d266a4b46
input/mouse/KS11_rechallenge_relweight.xlsx	10269	e4b36a191a63cd9b0f5ce9820fdd25b85f4723a2a4e273d00c88d57a72889980
input/mouse/ProtectionScreen_CDI_mouse.csv	72766	33466e7143f81f368ce92933cbb3629166367acb97715abfd32f18a01062f25e
input/mouse/Virulence_screen_clean_table.csv	115233	4866df95279c14d793e5be1e158dc725569391cfbd18cd7c1155d6dd828419ab
input/pgfam/ST1_BVBRC_features.csv	23163363	10fd28983598f61ed7b4e8ad116607852ea1f319041964f25cb9280a19db8739
input/pgfam/VPI10463_BVBRC_features.csv	1482833	19c53687b255cf1519dc0f834e54c9eec9379273382c79f5abeea1c0a76bcdd9
input/pgfam/strain_names_mapping.csv	359	102113ca50994317e960ea159065487f7900ef04f660228bb504e089f8659dd6
input/qpcr/Analysis/KS65.xlsx	18486	cca31c192465c8379c9b6106b80c63eed2489dd02e26f1813e14aa4cc5ade6ad
input/qpcr/qPCR Raw data/20210201_KS65_3599_7_504_3.xlsx	3731529	2035ea4b50d1b17865e544ed7dc9e393ee01f4c8a5ae9ac41381c7113d13b9a0
input/qpcr/qPCR Setup/qPCR_20210201.xlsx	11948	7a5c024c33ff25d3cacc9f300343aae6cf5b814ab296cc49cdbf0f4dc02801f1
input/qpcr/weights.xlsx	7320	bbc2d7de61a753eb793f4c4661b481dfc8fbabee64d63ee7b616be6b06570d8c
input_manifest.tsv	47431	0cc47f0f1ec59c6c1cb3bdaa1fdea0c07f677ce5ebe1769c0f798a75b0ea0c7b
run_all.m	2860	ba77b343a916176aa80a18720585b4eebaaa1e9f81f4ec30c35286470ce6767a
verification/ancestry_bootstrap_summary.csv	70	9e7ef50155d8f116446da5d13d97bf248d72c44a8e16306edd130c55f05ea199
verification/class_partial_rank_native_checks.csv	748	fc4512d822d685c8a59ec67479eb7df68b189b49478366a3c0f2d9f69f655d3c
verification/equal_plate_summary.csv	477	5898d0f03c51c4505b9f89e197d84a4a35efce9137f4eee9ec8276d22683c644
verification/figure1_mouse_identity.csv	162	740b2b7a48ee67b2befcb2d6e89357e0600393d39a553a4ac8d24f45f76937a7
verification/figure1_numerical_regression.csv	289	8a794b104b24b8432d809aa539b38720cc471bfabc172f63e1d49183464f739a
verification/genome_reconstruction_reference.csv	2851	82354ee5d5580c71f4adf9f500956a8c9e2c1b76556e86a71006d2bce8d7e130
verification/native_matlab_crosschecks.csv	919	8a30a0017386294c9fac20c5c20ffc170f3958d2444f09e21c72f04f2f03202b
verification/numerical_regression.csv	2498	0a3fded6fdf7269c9ab7054774b2154b2879bb57ef70ae972287d5adcbb73c90
verification/rank_associations.csv	1496	4e65b20b5bda5aa03f9403fb8c2c30675687167c913a201a6b2bc1aea5bb0125
verification/standard_run_status.csv	756	2bea4d84f3a45426fc9cb2cf73d9edcf1b30652309ced789f47a10611c228f2d
verification/static_analysis.csv	2405	2f75b7686adbbc73b28f34f7ab14c84e11953971a55d65b496f531e8f70a111b
verification/tree_sensitivity_comparison.csv	2853	e6fda70c7c3de2f98b193a81f42d48f971d666fabd4ae307cdb6a56a81e9c7e0
