Stage,Status,Seconds
mouse,PASS,6.77652108333333
qpcr,PASS,0.422018541666667
fecal_cfu,PASS,17.4213094166667
figure1,PASS,5.30615295833333
figure2,PASS,4.723279625
biolog,PASS,21.5039671666667
intracellular,PASS,8.75432320833333
intracellular_plsda,PASS,1.92382875
extracellular,PASS,9.266603
figure3,PASS,4.34790745833333
pm1_traits,PASS,3.62910958333333
pm1_models,PASS,3.36008291666667
pm1_specificity,PASS,2.10407383333333
figure4_S2_S3,PASS,16.948970875
tree_sensitivity,PASS,8.89578083333333
ancestry_models,PASS,3.393381
ancestry_bootstrap,PASS,148.54628075
adaptive_flow,PASS,5.5082095
innate_flow,PASS,3.66240370833333
figure5_S4,PASS,8.06299266666667
