Comparison,ImplementedRho,NativeRho,ImplementedP,NativeP
PGFamRaw,0.117572247028488,0.117572247028488,0.611762923996795,0.611762923996795
PGFamDiseaseAdjusted,-0.0126037932425907,-0.0126037932425907,0.957940427255398,0.957940427255398
AminoAccessDiseasePGFamAdjusted,0.472985626909124,0.472985626909124,0.0408319945453219,0.0408319945453219
NutrientAllRaw,0.291031217711737,0.291031217711737,0.200570011751854,0.200570011751854
NutrientAllDiseaseAdjusted,-0.163387693010464,-0.163387693010464,0.491269662415835,0.491269662415835
NutrientAminoRaw,0.579344885079491,0.579344885079491,0.0059185408446832,0.0059185408446832
NutrientAminoDiseaseAdjusted,0.41453013732669,0.41453013732669,0.0691818059625352,0.0691818059625352
NutrientNonAminoRaw,0.237104031507451,0.237104031507451,0.300731586883097,0.300731586883097
NutrientNonAminoDiseaseAdjusted,-0.249829790072203,-0.249829790072203,0.288102271383854,0.288102271383854
