Comparison,N,DF,Rho,PValue,BH_Q,CorrectionFamily,Bootstrap_CI_Lower,Bootstrap_CI_Upper,ValidBootstrapDraws,InvalidBootstrapDraws
PGFamRaw,21,19,0.117572247028488,0.611762923996795,0.917644385995192,PGFam three-test family,-0.317912392473035,0.525960436634568,5000,0
PGFamDiseaseAdjusted,21,18,-0.0126037932425907,0.957940427255398,0.957940427255398,PGFam three-test family,-0.519126854992306,0.410288125773758,5000,0
AminoAccessDiseasePGFamAdjusted,21,17,0.472985626909124,0.0408319945453219,0.122495983635966,PGFam three-test family,-0.246677175800631,0.892181690981878,5000,0
NutrientAllRaw,21,19,0.291031217711737,0.200570011751854,0.360877904259717,Nutrient six-test family,-0.225614949300962,0.698549013672099,5000,0
NutrientAllDiseaseAdjusted,21,18,-0.163387693010464,0.491269662415835,0.491269662415835,Nutrient six-test family,-0.567535256842642,0.456011404570733,5000,0
NutrientAminoRaw,21,19,0.579344885079491,0.0059185408446832,0.0355112450680992,Nutrient six-test family,0.196542488530033,0.849252773876876,4999,1
NutrientAminoDiseaseAdjusted,21,18,0.41453013732669,0.0691818059625352,0.207545417887606,Nutrient six-test family,-0.0856508466333467,0.746282969045443,4999,1
NutrientNonAminoRaw,21,19,0.237104031507451,0.300731586883097,0.360877904259717,Nutrient six-test family,-0.282512104483773,0.661859669428571,5000,0
NutrientNonAminoDiseaseAdjusted,21,18,-0.249829790072203,0.288102271383854,0.360877904259717,Nutrient six-test family,-0.626087689356579,0.388979153462326,5000,0
