Strain,GenomeID,ProtectionEffect,DiseaseEffect,PGFamOverlap,SharedAll,SharedAmino,SharedNonAmino,OverlapAll,OverlapAmino,OverlapNonAmino,TotalAccess,AdditionalAccess,RelativeAminoAccess
ST1-11,1485.310,5.33108752468137,9.15381878609817,0.880321823667449,9,0,9,0.391304347826087,0,0.45,23,14,-3
ST1-12,1485.309,4.33210086093138,7.76117891045935,0.879986590680523,14,3,11,0.608695652173913,1,0.55,32,18,2
ST1-19,1485.315,2.63833524343136,3.69039599031497,0.877639959772042,13,0,13,0.565217391304348,0,0.65,34,21,3
ST1-2,1485.318,0.812657148485705,13.1612644601437,0.872611464968153,8,0,8,0.347826086956522,0,0.4,11,3,-3
ST1-20,1485.316,11.645803467598,-1.66701697603124,0.881662755615153,9,0,9,0.391304347826087,0,0.45,34,25,4
ST1-23,1485.314,10.8618128659314,-0.259059471800419,0.881662755615153,15,2,13,0.652173913043478,0.666666666666667,0.65,59,44,6
ST1-25,1485.317,12.2436316455147,2.93916936540235,0.880657056654375,16,2,14,0.695652173913043,0.666666666666667,0.7,53,37,8
ST1-27,1485.335,10.6833990959314,-0.150637491704294,0.881327522628227,14,1,13,0.608695652173913,0.333333333333333,0.65,30,16,2
ST1-49,1485.322,11.1663437684314,3.22892562545923,0.879316124706671,4,0,4,0.173913043478261,0,0.2,4,0,-3
ST1-53,1485.324,0.936424390931348,11.2205034507618,0.880657056654375,12,0,12,0.521739130434783,0,0.6,30,18,2
ST1-57,1485.321,11.631765136348,2.07452334619777,0.880657056654375,12,2,10,0.521739130434783,0.666666666666667,0.5,37,25,7
ST1-58,1485.325,2.90157248512764,7.46615355464188,0.881327522628227,9,0,9,0.391304347826087,0,0.45,20,11,-3
ST1-6,1485.330,16.3145634605147,-1.24262124471123,0.879986590680523,21,2,19,0.91304347826087,0.666666666666667,0.95,76,55,8
ST1-62,1485.326,6.16586409884804,7.68738575429846,0.888702648340597,8,0,8,0.347826086956522,0,0.4,16,8,-2
ST1-63,1485.329,6.88787849426473,6.31572650780295,0.881327522628227,6,0,6,0.260869565217391,0,0.3,11,5,-2
ST1-65,1485.327,6.90605023134799,4.9593497389003,0.880321823667449,15,2,13,0.652173913043478,0.666666666666667,0.65,19,4,1
ST1-66,1485.332,4.27477286593139,9.6776675031675,0.879986590680523,12,0,12,0.521739130434783,0,0.6,38,26,0
ST1-67,1485.328,10.4816007505147,2.04055268812965,0.879316124706671,15,1,14,0.652173913043478,0.333333333333333,0.7,27,12,3
ST1-68,1485.333,-1.46683029852839,0.973380090743244,0.880321823667449,16,0,16,0.695652173913043,0,0.8,24,8,-3
ST1-69,1485.331,7.87154121093136,7.3118674010842,0.871940998994301,7,0,7,0.304347826086957,0,0.35,17,10,2
ST1-75,1485.334,14.3128453106932,-0.548657344341182,0.878645658732819,22,3,19,0.956521739130435,1,0.95,82,60,11
