Removed_Well,N_Positive_Calls,Spearman_Rho,Spearman_P_Value,Partial_Rank_Rho,Partial_Rank_P_Value,Adjusted_OLS_Estimate,Adjusted_OLS_P_Value,Unadjusted_LOSO_RMSE,Adjusted_LOSO_RMSE
L-Aspartic acid,1,0.702371354675232,0.000385414772113683,0.470057708101081,0.0315376137775006,0.523332555139253,0.021570677377599,3.63259758895025,3.66258798632832
L-Proline,8,0.696694749463056,0.000449835712983864,0.494734793970989,0.0226058139055917,0.559298668264454,0.0207623377694797,3.68198733443382,3.63955995581792
D-Alanine,5,0.707809625608334,0.000331274070516968,0.473204977775351,0.0302646718492284,0.548447291749811,0.0231992695693685,3.6355276014978,3.67912001421054
D-Serine,11,0.698471975812022,0.000428745276480278,0.476413415894148,0.0290090392279111,0.575298307888579,0.0201237032088286,3.62301272904929,3.62520728620775
L-Glutamic acid,7,0.718962719251664,0.000240297830744613,0.510360664236022,0.0180842850627285,0.560003305318793,0.0191739230037166,3.62406101136928,3.63913561106472
L-Asparagine,1,0.698432823714436,0.000429200619641657,0.4701331032991,0.031506634874961,0.509129283747978,0.027152442993095,3.67775471629066,3.70701983490485
D-Aspartic acid,2,0.702371354675232,0.000385414772113683,0.465576775762952,0.033422249722202,0.53898239096727,0.023844468691833,3.62947487278967,3.72124366496877
L-Glutamine,7,0.694000373374295,0.000483499163988707,0.470257084375093,0.0314557447470645,0.54524686164806,0.026862215609197,3.6863657603153,3.71695615395786
Gly-Asp,5,0.691868605446443,0.00051163661277954,0.460443179686832,0.0356888424366331,0.536614167741736,0.0216227439188742,3.6219866641754,3.65739856458108
D-Threonine,6,0.701230296155027,0.000397687825645743,0.453951248346643,0.0387254662329676,0.530648447207172,0.0302599173559135,3.64316852401654,3.747298945409
Gly-Glu,3,0.699129051988703,0.000421164818317409,0.466385191440422,0.0330758610882751,0.530429144472347,0.0286574088931459,3.68149807791623,3.74975815246689
L-Serine,14,0.705385078925552,0.00035454664138622,0.459522713294102,0.0361076685184563,0.573688823592898,0.0211252271598951,3.57821751243712,3.6354154622605
L-Threonine,13,0.709982264777977,0.000311544077318792,0.477889499183485,0.0284453667629858,0.592133334400522,0.0181355664036187,3.55337743297382,3.62160932207638
L-Alanine,6,0.675960321112968,0.000769308283772856,0.441846056584447,0.0449222574093355,0.527849787048122,0.0274800621738576,3.69215768165176,3.70019291583719
Ala-Gly,6,0.70209661347549,0.000388339811994693,0.465216272471791,0.0335776326978329,0.545701825511534,0.0271945422528937,3.64725642531409,3.74580169510169
Gly-Pro,8,0.692627088509845,0.000501469247544307,0.467629603872385,0.0325481745742366,0.566039150789874,0.0198899768239782,3.59077749031911,3.66478837857774
