Strain,Condition,Reference,Shared_Experiments,Reference_N,Reference_Events,Comparator_N,Comparator_Events,Reference_Event_Fraction,Comparator_Event_Fraction,Event_Risk_Difference,Chi_Square,P_Value,Q_Value,Effect_Definition,Event_Definition,Inference
ST1-11,st1.11.vpi,vpi,1,4,3,3,0,0.75,0,0.75,3.16455696202532,0.0752528512072472,0.341538894019974,Risk difference = matched VPI event fraction minus strain+VPI,Source death field = observed death or humane-endpoint removal,Log-rank test stratified by contemporaneous experiment; NA when no event-time variance
ST1-12,st1.12.vpi,vpi,1,3,0,3,0,0,0,0,NaN,NaN,NaN,Risk difference = matched VPI event fraction minus strain+VPI,Source death field = observed death or humane-endpoint removal,Log-rank test stratified by contemporaneous experiment; NA when no event-time variance
ST1-19,st1.19.vpi,vpi,1,3,1,3,0,0.333333333333333,0,0.333333333333333,1,0.317310507862914,0.439353010887112,Risk difference = matched VPI event fraction minus strain+VPI,Source death field = observed death or humane-endpoint removal,Log-rank test stratified by contemporaneous experiment; NA when no event-time variance
ST1-2,st1.2.vpi,vpi,1,4,3,3,1,0.75,0.333333333333333,0.416666666666667,1.6687097762795,0.19643143843347,0.439353010887112,Risk difference = matched VPI event fraction minus strain+VPI,Source death field = observed death or humane-endpoint removal,Log-rank test stratified by contemporaneous experiment; NA when no event-time variance
ST1-20,st1.20.vpi,vpi,1,3,1,3,0,0.333333333333333,0,0.333333333333333,1,0.317310507862914,0.439353010887112,Risk difference = matched VPI event fraction minus strain+VPI,Source death field = observed death or humane-endpoint removal,Log-rank test stratified by contemporaneous experiment; NA when no event-time variance
ST1-23,st1.23.vpi,vpi,1,3,1,3,0,0.333333333333333,0,0.333333333333333,1,0.317310507862914,0.439353010887112,Risk difference = matched VPI event fraction minus strain+VPI,Source death field = observed death or humane-endpoint removal,Log-rank test stratified by contemporaneous experiment; NA when no event-time variance
ST1-25,st1.25.vpi,vpi,1,3,1,3,0,0.333333333333333,0,0.333333333333333,1,0.317310507862914,0.439353010887112,Risk difference = matched VPI event fraction minus strain+VPI,Source death field = observed death or humane-endpoint removal,Log-rank test stratified by contemporaneous experiment; NA when no event-time variance
ST1-27,st1.27.vpi,vpi,1,3,1,3,0,0.333333333333333,0,0.333333333333333,1,0.317310507862914,0.439353010887112,Risk difference = matched VPI event fraction minus strain+VPI,Source death field = observed death or humane-endpoint removal,Log-rank test stratified by contemporaneous experiment; NA when no event-time variance
ST1-49,st1.49.vpi,vpi,1,3,1,3,0,0.333333333333333,0,0.333333333333333,1,0.317310507862914,0.439353010887112,Risk difference = matched VPI event fraction minus strain+VPI,Source death field = observed death or humane-endpoint removal,Log-rank test stratified by contemporaneous experiment; NA when no event-time variance
ST1-53,st1.53.vpi,vpi,1,5,1,3,0,0.2,0,0.2,0.6,0.438578026081,0.480057963422465,Risk difference = matched VPI event fraction minus strain+VPI,Source death field = observed death or humane-endpoint removal,Log-rank test stratified by contemporaneous experiment; NA when no event-time variance
ST1-57,st1.57.vpi,vpi,1,5,1,3,0,0.2,0,0.2,0.6,0.438578026081,0.480057963422465,Risk difference = matched VPI event fraction minus strain+VPI,Source death field = observed death or humane-endpoint removal,Log-rank test stratified by contemporaneous experiment; NA when no event-time variance
ST1-58,st1.58.vpi,vpi,1,5,1,3,1,0.2,0.333333333333333,-0.133333333333333,0.155555555555556,0.693281817504481,0.693281817504481,Risk difference = matched VPI event fraction minus strain+VPI,Source death field = observed death or humane-endpoint removal,Log-rank test stratified by contemporaneous experiment; NA when no event-time variance
ST1-6,st1.6.vpi,vpi,1,3,0,3,0,0,0,0,NaN,NaN,NaN,Risk difference = matched VPI event fraction minus strain+VPI,Source death field = observed death or humane-endpoint removal,Log-rank test stratified by contemporaneous experiment; NA when no event-time variance
ST1-62,st1.62.vpi,vpi,1,5,1,3,0,0.2,0,0.2,0.6,0.438578026081,0.480057963422465,Risk difference = matched VPI event fraction minus strain+VPI,Source death field = observed death or humane-endpoint removal,Log-rank test stratified by contemporaneous experiment; NA when no event-time variance
ST1-63,st1.63.vpi,vpi,1,3,2,3,0,0.666666666666667,0,0.666666666666667,2.5,0.113846298006658,0.341538894019974,Risk difference = matched VPI event fraction minus strain+VPI,Source death field = observed death or humane-endpoint removal,Log-rank test stratified by contemporaneous experiment; NA when no event-time variance
ST1-65,st1.65.vpi,vpi,1,4,3,3,0,0.75,0,0.75,3.16455696202532,0.0752528512072472,0.341538894019974,Risk difference = matched VPI event fraction minus strain+VPI,Source death field = observed death or humane-endpoint removal,Log-rank test stratified by contemporaneous experiment; NA when no event-time variance
ST1-66,st1.66.vpi,vpi,1,3,0,3,0,0,0,0,NaN,NaN,NaN,Risk difference = matched VPI event fraction minus strain+VPI,Source death field = observed death or humane-endpoint removal,Log-rank test stratified by contemporaneous experiment; NA when no event-time variance
ST1-67,st1.67.vpi,vpi,1,3,2,3,0,0.666666666666667,0,0.666666666666667,2.5,0.113846298006658,0.341538894019974,Risk difference = matched VPI event fraction minus strain+VPI,Source death field = observed death or humane-endpoint removal,Log-rank test stratified by contemporaneous experiment; NA when no event-time variance
ST1-68,st1.68.vpi,vpi,1,4,3,3,1,0.75,0.333333333333333,0.416666666666667,0.562167906482466,0.453388076565661,0.480057963422465,Risk difference = matched VPI event fraction minus strain+VPI,Source death field = observed death or humane-endpoint removal,Log-rank test stratified by contemporaneous experiment; NA when no event-time variance
ST1-69,st1.69.vpi,vpi,1,3,2,3,0,0.666666666666667,0,0.666666666666667,2.5,0.113846298006658,0.341538894019974,Risk difference = matched VPI event fraction minus strain+VPI,Source death field = observed death or humane-endpoint removal,Log-rank test stratified by contemporaneous experiment; NA when no event-time variance
ST1-75,st1.75.vpi,vpi,7,24,8,21,0,0.333333333333333,0,0.333333333333333,8.13093659270942,0.0043516262063894,0.0783292717150093,Risk difference = matched VPI event fraction minus strain+VPI,Source death field = observed death or humane-endpoint removal,Log-rank test stratified by contemporaneous experiment; NA when no event-time variance
