Strain,Total_Breadth,Shared_With_VPI,ST1_Private,VPI_Private,Private_Advantage,Model_ST1_Persistence_Fraction,Model_ST1_Exclusion_Fraction,Model_Coexistence_Fraction,Model_VPI_Exclusion_Fraction,Protection_Effect,Protection_CI_Lower,Protection_CI_Upper,Mono_Disease_Effect,Mono_Disease_CI_Lower,Mono_Disease_CI_Upper,Total_Relative_Breadth_Advantage,Amino_Acid_Breadth,Amino_Acid_Relative_Breadth_Advantage
ST1-11,23,9,14,14,0,0.281437125748503,0,0.281437125748503,0,5.33108752468137,-0.868440610881262,11.530615660244,9.15381878609817,6.03850034264917,12.2691372295472,0,0,-3
ST1-2,11,8,3,15,-12,0.0578842315369262,0,0.0578842315369262,0.223552894211577,0.812657148485705,-5.54943235784422,7.17474665481563,13.1612644601437,10.1311906694599,16.1913382508274,-12,0,-3
ST1-12,32,14,18,9,9,0.391217564870259,0.19560878243513,0.19560878243513,0,4.33210086093138,-1.86742727463125,10.531628996494,7.76117891045935,5.59925504752124,9.92310277339746,9,5,2
ST1-75,82,22,60,1,59,0.998003992015968,0.980039920159681,0.0179640718562874,0,14.3128453106932,11.2289126088512,17.3967780125353,-0.548657344341182,-2.55193907173428,1.45462438305192,59,14,11
ST1-53,30,12,18,11,7,0.365269461077844,0.141716566866267,0.223552894211577,0,0.936424390931348,-5.26310374463129,7.13595252649398,11.2205034507618,6.91716366691156,15.5238432346119,7,5,2
ST1-68,24,16,8,7,1,0.293413173652695,0.0359281437125748,0.25748502994012,0,-1.46683029852839,-8.05252411055099,5.11886351349421,0.973380090743244,-2.33724778361511,4.2840079651016,1,0,-3
ST1-58,20,9,11,14,-3,0.221556886227545,0,0.221556886227545,0.0598802395209581,2.90157248512764,-3.5623889336636,9.36553390391888,7.46615355464188,4.36283190088065,10.5694752084031,-3,0,-3
ST1-69,17,7,10,16,-6,0.17564870259481,0,0.17564870259481,0.105788423153693,7.87154121093136,1.67201307536873,14.071069346494,7.3118674010842,3.0501146376944,11.573620164474,-6,5,2
ST1-49,4,4,0,19,-19,0,0,0,0.281437125748503,11.1663437684314,4.96681563286874,17.365871903994,3.22892562545923,-0.539533314834592,6.99738456575306,-19,0,-3
ST1-27,30,14,16,9,7,0.365269461077844,0.159680638722555,0.205588822355289,0,10.6833990959314,4.48387096036875,16.882927231494,-0.150637491704294,-3.25395914546553,2.95268416205694,7,5,2
ST1-19,34,13,21,10,11,0.415169660678643,0.217564870259481,0.197604790419162,0,2.63833524343136,-3.56119289213127,8.837863378994,3.69039599031497,0.587074336553734,6.7937176440762,11,6,3
ST1-25,53,16,37,7,30,0.646706586826347,0.522954091816367,0.12375249500998,0,12.2436316455147,6.04410350995206,18.4431597810773,2.93916936540235,-0.371458508956003,6.24979723976071,30,11,8
ST1-20,34,9,25,14,11,0.415169660678643,0.181636726546906,0.233532934131737,0,11.645803467598,5.44627533203539,17.8453316031607,-1.66701697603124,-4.77033862979247,1.43630467772999,11,7,4
ST1-23,59,15,44,8,36,0.718562874251497,0.586826347305389,0.131736526946108,0,10.8618128659314,4.66228473036872,17.061341001494,-0.259059471800419,-3.36238112556165,2.84426218196081,36,9,6
ST1-67,27,15,12,8,4,0.329341317365269,0.109780439121756,0.219560878243513,0,10.4816007505147,4.28207261495209,16.6811288860774,2.04055268812965,-1.27007518622871,5.351180562488,4,6,3
ST1-57,37,12,25,11,14,0.451097804391218,0.251497005988024,0.199600798403194,0,11.631765136348,5.4322370007854,17.8312932719107,2.07452334619777,-1.23610452816058,5.38515122055613,14,10,7
ST1-65,19,15,4,8,-4,0.141716566866267,0,0.141716566866267,0.139720558882236,6.90605023134799,0.706522095785355,13.1055783669106,4.9593497389003,2.56756688218452,7.35113259561608,-4,4,1
ST1-63,11,6,5,17,-12,0.0838323353293413,0,0.0838323353293413,0.197604790419162,6.88787849426473,0.688350358702093,13.0874066298274,6.31572650780295,2.54726756750912,10.0841854480968,-12,1,-2
ST1-6,76,21,55,2,53,0.926147704590818,0.892215568862275,0.0339321357285429,0,16.3145634605147,10.1150353249521,22.5140915960774,-1.24262124471123,-4.55324911906959,2.06800662964712,53,11,8
ST1-62,16,8,8,15,-7,0.149700598802395,0,0.149700598802395,0.131736526946108,6.16586409884804,-0.0336640367145948,12.3653922344107,7.68738575429846,3.70003538115406,11.6747361274429,-7,1,-2
ST1-66,38,12,26,11,15,0.463073852295409,0.265469061876248,0.197604790419162,0,4.27477286593139,-1.92475526963124,10.474301001494,9.6776675031675,5.41591473977769,13.9394202665573,15,3,0
