Feature,Removed_Strain,N_Strains,Partial_Rank_Rho,OLS_Feature_Estimate,OLS_Feature_P_Value
Amino acid breadth,ST1-53,20,0.526522760893833,0.598382075577211,0.0121300738688005
Amino acid breadth,ST1-62,20,0.491541473037451,0.539679550415855,0.0212761775203995
Amino acid breadth,ST1-75,20,0.447789433823835,0.527404863707955,0.039356964412902
Amino acid breadth,ST1-68,20,0.130946826737242,0.16704358486361,0.337750302519587
Amino acid breadth,ST1-12,20,0.505702543983572,0.534464610522559,0.0229597849258193
Amino acid breadth,ST1-49,20,0.621372028676017,0.691018708934681,0.00359097103507169
Amino acid breadth,ST1-57,20,0.391718935000511,0.511735210811279,0.032989813427196
Amino acid breadth,ST1-11,20,0.518306880296362,0.545900304756898,0.0195593736174763
Amino acid breadth,ST1-65,20,0.487987019710015,0.518508074348249,0.0268197862743476
Amino acid breadth,ST1-6,20,0.445351769194466,0.476585939219767,0.0373683872671233
Amino acid breadth,ST1-23,20,0.468528377396355,0.524237306646612,0.0253726681296185
Amino acid breadth,ST1-27,20,0.487381969984554,0.531421727995056,0.0254319649631676
Amino acid breadth,ST1-20,20,0.4321761636665,0.519809856891474,0.0271964805237897
Amino acid breadth,ST1-69,20,0.469185512425061,0.504966373365143,0.0301616560031081
Amino acid breadth,ST1-63,20,0.491014679267161,0.54927081537791,0.0202420587391934
Amino acid breadth,ST1-67,20,0.456492188456985,0.520572172406192,0.0255921762972762
Amino acid breadth,ST1-58,20,0.466864018133509,0.507585832373022,0.0329777237630509
Amino acid breadth,ST1-2,20,0.456212149416561,0.518361904249458,0.026729127075762
Amino acid breadth,ST1-25,20,0.378493597781091,0.495121344110548,0.0439104020839384
Amino acid breadth,ST1-19,20,0.592003220571447,0.533730108465631,0.0125970695253584
Amino acid breadth,ST1-66,20,0.492195185434584,0.517309559088311,0.0273923865955031
