Context,Phase,Candidate,RowsScheduled,NMeasured,NDetected,NNonDetect,DetectionFraction,MedianPositiveCFU,GeometricMeanPositiveCFU,MinimumPositiveCFU,MaximumPositiveCFU,NExperiments
Mono-colonization,Early,ST1-2,15,13,13,0,1,54696969.7,14238246.1608898,105405.4054,87234042.55,4
Mono-colonization,Early,ST1-6,11,11,11,0,1,70000000,80662117.2118829,40983606.56,316326530.6,3
Mono-colonization,Early,ST1-11,13,13,13,0,1,64100000,26580352.5365311,425000,173913043.5,3
Mono-colonization,Early,ST1-12,44,44,34,10,0.772727272727273,39236842.105,22784037.7146815,15625,1046511628,6
Mono-colonization,Early,ST1-19,13,13,13,0,1,109615384.6,106991634.214381,48750000,285271317.8,3
Mono-colonization,Early,ST1-20,13,13,13,0,1,48148148.15,51068700.5441994,7266666.667,224489795.9,3
Mono-colonization,Early,ST1-23,13,13,13,0,1,90909090.91,92361269.2807146,19642857.14,421052631.6,3
Mono-colonization,Early,ST1-25,11,11,11,0,1,135036496.4,122751550.530491,44186046.51,176744186,3
Mono-colonization,Early,ST1-27,13,13,13,0,1,138095238.1,131085857.00486,33333333.33,388888888.9,3
Mono-colonization,Early,ST1-49,8,8,7,1,0.875,6533333.333,11980883.0908613,2404761.905,98039215.69,2
Mono-colonization,Early,ST1-53,6,6,6,0,1,42646798.005,42803967.1434321,19696969.7,85106382.98,2
Mono-colonization,Early,ST1-57,11,11,11,0,1,104838709.7,91385951.0086579,32835820.9,217391304.3,3
Mono-colonization,Early,ST1-58,13,13,9,4,0.692307692307692,34722222.22,12464040.0702507,61514.19558,278000000,3
Mono-colonization,Early,ST1-62,7,7,7,0,1,29288702.93,34579801.9162098,5944798.301,142857142.9,2
Mono-colonization,Early,ST1-63,8,8,8,0,1,38598901.1,35518087.4171036,9924242.424,104938271.6,2
Mono-colonization,Early,ST1-65,28,28,28,0,1,48030303.03,53189508.8870966,21875000,144736842.1,4
Mono-colonization,Early,ST1-66,6,6,6,0,1,49193548.385,36513784.5919492,5185185.185,93158660.84,2
Mono-colonization,Early,ST1-67,11,11,11,0,1,138372093,115493152.688334,26250000,362068965.5,3
Mono-colonization,Early,ST1-68,11,11,11,0,1,66371681.42,34937724.4544683,56854.83871,156060606.1,3
Mono-colonization,Early,ST1-69,6,6,6,0,1,31915400.185,26681040.6154511,8269230.769,47577854.67,2
Mono-colonization,Early,ST1-75,62,62,50,12,0.806451612903226,54248366.015,30697135.9390988,19591.1414,271000000,7
Mono-colonization,Early,VPI10463,69,64,57,7,0.890625,26363636.36,13327417.3435191,2272.727273,206896551.7,15
Mono-colonization,Late,ST1-2,11,10,10,0,1,41840607.21,44653346.520573,2926829.268,232142857.1,4
Mono-colonization,Late,ST1-6,11,11,11,0,1,36458333.33,28267990.7935439,13000000,55813953.49,3
Mono-colonization,Late,ST1-11,12,12,12,0,1,8103885.135,7265177.14504374,322222.2222,263157894.7,3
Mono-colonization,Late,ST1-12,40,39,34,5,0.871794871794872,123465608.5,111257921.351613,16949152.54,425531914.9,6
Mono-colonization,Late,ST1-19,13,13,13,0,1,66666666.67,67603180.832174,4761904.762,384615384.6,3
Mono-colonization,Late,ST1-20,13,13,13,0,1,59677419.35,60817487.1581822,8835616.438,302631578.9,3
Mono-colonization,Late,ST1-23,13,13,13,0,1,76923076.92,62646017.2124727,7314814.815,215757575.8,3
Mono-colonization,Late,ST1-25,11,11,11,0,1,69230769.23,59788883.0265813,2054054.054,720588235.3,3
Mono-colonization,Late,ST1-27,13,13,13,0,1,133720930.2,93596097.1064114,607142.8571,570588235.3,3
Mono-colonization,Late,ST1-49,8,8,8,0,1,52843915.345,56217806.4604022,22058823.53,183098591.5,2
Mono-colonization,Late,ST1-53,5,5,5,0,1,60666666.67,40711476.818381,2187500,125000000,2
Mono-colonization,Late,ST1-57,11,11,11,0,1,45000000,49131822.6078478,11538461.54,245614035.1,3
Mono-colonization,Late,ST1-58,13,13,12,1,0.923076923076923,78873873.875,42924348.6327147,668789.8089,243309002.4,3
Mono-colonization,Late,ST1-62,7,6,6,0,1,112538226.285,103087104.795533,20454545.45,317460317.5,2
Mono-colonization,Late,ST1-63,8,8,8,0,1,52406696.895,46270405.6212364,15625000,129545454.5,2
Mono-colonization,Late,ST1-65,27,26,26,0,1,61693548.39,65103737.6244704,6323529.412,277777777.8,4
Mono-colonization,Late,ST1-66,6,6,6,0,1,75543478.26,102122891.395527,63235294.12,290322580.6,2
Mono-colonization,Late,ST1-67,11,11,11,0,1,56250000,73262754.8703335,25000000,406779661,3
Mono-colonization,Late,ST1-68,11,11,11,0,1,98275862.07,86748254.5878314,10425531.91,250000000,3
Mono-colonization,Late,ST1-69,6,6,6,0,1,30122950.82,33244447.1023421,9375000,168085106.4,2
Mono-colonization,Late,ST1-75,57,52,47,5,0.903846153846154,109090909.1,90694796.1031059,2434782.609,500000000,7
Mono-colonization,Late,VPI10463,54,52,52,0,1,72077922.08,64498425.6957846,5000000,687285223.4,15
Co-colonization,Early,ST1-2,3,3,3,0,1,35000000,15508839.811595,474576.2712,224576271.2,1
Co-colonization,Early,ST1-6,3,3,3,0,1,20370370.37,17460401.6870575,8362068.966,31250000,1
Co-colonization,Early,ST1-11,3,3,2,1,0.666666666666667,131428571.43,123995967.678389,87857142.86,175000000,1
Co-colonization,Early,ST1-12,3,3,2,1,0.666666666666667,49520202.019,13295400.5861411,1818181.818,97222222.22,1
Co-colonization,Early,ST1-19,3,3,3,0,1,170000000,222204535.280278,152542372.9,423076923.1,1
Co-colonization,Early,ST1-20,3,3,3,0,1,104651162.8,100785853.996037,75000000,130434782.6,1
Co-colonization,Early,ST1-23,3,3,3,0,1,90000000,112426853.037168,75000000,210526315.8,1
Co-colonization,Early,ST1-25,3,3,3,0,1,107608695.7,118731494.260871,80882352.94,192307692.3,1
Co-colonization,Early,ST1-27,3,3,3,0,1,216981132.1,209450465.834054,106410256.4,397959183.7,1
Co-colonization,Early,ST1-49,3,3,3,0,1,203703703.7,178365901.105017,60000000,464285714.3,1
Co-colonization,Early,ST1-53,3,3,3,0,1,53658536.59,58982488.5690101,46739130.43,81818181.82,1
Co-colonization,Early,ST1-57,3,3,3,0,1,58571428.57,55996713.6694265,39705882.35,75500000,1
Co-colonization,Early,ST1-58,3,3,3,0,1,137254902,92391144.9603637,39583333.33,145161290.3,1
Co-colonization,Early,ST1-62,3,3,3,0,1,103448275.9,94671922.4799868,67441860.47,121621621.6,1
Co-colonization,Early,ST1-63,3,3,3,0,1,48809523.81,20317569.3266338,2848837.209,60317460.32,1
Co-colonization,Early,ST1-65,3,3,3,0,1,58333333.33,35528752.807433,9677419.355,79444444.44,1
Co-colonization,Early,ST1-66,3,3,3,0,1,3043478.261,5611207.35702551,441176.4706,131578947.4,1
Co-colonization,Early,ST1-67,3,3,3,0,1,75000000,69061758.8835248,50000000,87837837.84,1
Co-colonization,Early,ST1-68,3,3,3,0,1,13000000,741281.765295055,2000,15666666.67,1
Co-colonization,Early,ST1-69,3,3,3,0,1,36585365.85,36764161.3954784,26119402.99,52000000,1
Co-colonization,Early,ST1-75,21,21,21,0,1,79545454.55,45867596.5589582,200000,305555555.6,7
Co-colonization,Early,VPI10463,24,20,15,5,0.75,19047619.05,5655737.82826301,2272.727273,206896551.7,7
Co-colonization,Late,ST1-2,2,2,2,0,1,172842401.5,168455070.261371,134146341.5,211538461.5,1
Co-colonization,Late,ST1-6,3,3,3,0,1,35000000,41228565.1045831,15217391.3,131578947.4,1
Co-colonization,Late,ST1-11,3,3,3,0,1,150000000,117454978.87267,64814814.81,166666666.7,1
Co-colonization,Late,ST1-12,3,3,3,0,1,24358974.36,28184480.5034977,9803921.569,93750000,1
Co-colonization,Late,ST1-19,3,3,3,0,1,50724637.68,29703648.638836,10000000,51666666.67,1
Co-colonization,Late,ST1-20,3,3,3,0,1,71428571.43,53652102.1045473,13333333.33,162162162.2,1
Co-colonization,Late,ST1-23,3,3,3,0,1,102941176.5,54011317.3855071,14285714.29,107142857.1,1
Co-colonization,Late,ST1-25,3,3,3,0,1,33333333.33,44049202.1040861,25000000,102564102.6,1
Co-colonization,Late,ST1-27,3,3,3,0,1,135593220.3,101567494.332677,50000000,154545454.5,1
Co-colonization,Late,ST1-49,3,3,3,0,1,30208333.33,29353261.605434,16428571.43,50961538.46,1
Co-colonization,Late,ST1-53,3,3,3,0,1,45918367.35,80623683.590854,37500000,304347826.1,1
Co-colonization,Late,ST1-57,3,3,3,0,1,44776119.4,37335258.2438496,25000000,46491228.07,1
Co-colonization,Late,ST1-58,2,2,2,0,1,40732323.235,29433483.7665574,12575757.58,68888888.89,1
Co-colonization,Late,ST1-62,3,3,3,0,1,33606557.38,12900794.3961137,1527777.778,41818181.82,1
Co-colonization,Late,ST1-63,3,3,3,0,1,35227272.73,62518978.5549508,28260869.57,245454545.5,1
Co-colonization,Late,ST1-65,3,3,3,0,1,104166666.7,136119559.660788,71212121.21,340000000,1
Co-colonization,Late,ST1-66,3,3,3,0,1,200000000,88871012.634614,17021276.6,206185567,1
Co-colonization,Late,ST1-67,3,3,3,0,1,147540983.6,155791657.069289,138888888.9,184523809.5,1
Co-colonization,Late,ST1-68,2,2,2,0,1,83771186.45,47834460.3136693,15000000,152542372.9,1
Co-colonization,Late,ST1-69,3,3,3,0,1,214285714.3,170167777.24402,93750000,245283018.9,1
Co-colonization,Late,ST1-75,21,21,21,0,1,96153846.15,86939830.5978511,6666666.667,407407407.4,7
Co-colonization,Late,VPI10463,17,15,15,0,1,70175438.6,64380333.0951907,15217391.3,181818181.8,7
