Context,Phase,Source,ExperimentID,Experiment,ScheduledDay,ObservedDay,Mouse,Protocol,SourceCondition,Candidate,cdiffcfu,TerminalEventRow,MeasurementMeaning,Detected,Log10CFU
Mono-colonization,Late,Mono-colonization screen,virulence|jwk90,jwk90,7,7,11,mnvc,st1.75,ST1-75,3439803.44,0,Strain-specific fecal C. difficile CFU/g,1,6.53653362647783
Mono-colonization,Late,Mono-colonization screen,virulence|jwk90,jwk90,7,7,12,mnvc,st1.75,ST1-75,4304635.762,0,Strain-specific fecal C. difficile CFU/g,1,6.63393640939111
Mono-colonization,Late,Mono-colonization screen,virulence|jwk90,jwk90,7,7,13,mnvc,st1.75,ST1-75,2795031.056,0,Strain-specific fecal C. difficile CFU/g,1,6.44638663775894
Mono-colonization,Late,Mono-colonization screen,virulence|jwk90,jwk90,7,7,14,mnvc,st1.75,ST1-75,18508997.43,0,Strain-specific fecal C. difficile CFU/g,1,7.26738289512185
Mono-colonization,Late,Mono-colonization screen,virulence|jwk90,jwk90,7,7,15,mnvc,st1.75,ST1-75,2434782.609,0,Strain-specific fecal C. difficile CFU/g,1,6.38646019104289
Mono-colonization,Late,Mono-colonization screen,virulence|ks1,ks1,7,7,11,mnvc,st1.75,ST1-75,67484662.58,0,Strain-specific fecal C. difficile CFU/g,1,7.82920508077559
Mono-colonization,Late,Mono-colonization screen,virulence|ks1,ks1,7,7,12,mnvc,st1.75,ST1-75,468750000,0,Strain-specific fecal C. difficile CFU/g,1,8.67094128073578
Mono-colonization,Late,Mono-colonization screen,virulence|ks1,ks1,7,7,13,mnvc,st1.75,ST1-75,339393939.4,0,Strain-specific fecal C. difficile CFU/g,1,8.53070408280005
Mono-colonization,Late,Mono-colonization screen,virulence|ks1,ks1,7,7,14,mnvc,st1.75,ST1-75,136986301.4,0,Strain-specific fecal C. difficile CFU/g,1,8.13667713997509
Mono-colonization,Late,Mono-colonization screen,virulence|ks1,ks1,7,7,15,mnvc,st1.75,ST1-75,269607843.1,0,Strain-specific fecal C. difficile CFU/g,1,8.43073252200833
Mono-colonization,Late,Mono-colonization screen,virulence|ks10,ks10,7,7,11,mnvc,st1.75,ST1-75,77777777.78,0,Strain-specific fecal C. difficile CFU/g,1,7.89085553058734
Mono-colonization,Late,Mono-colonization screen,virulence|ks10,ks10,7,7,12,mnvc,st1.75,ST1-75,164423076.9,0,Strain-specific fecal C. difficile CFU/g,1,8.21596277103242
Mono-colonization,Late,Mono-colonization screen,virulence|ks10,ks10,7,7,13,mnvc,st1.75,ST1-75,79166666.67,0,Strain-specific fecal C. difficile CFU/g,1,7.89854235925951
Mono-colonization,Late,Mono-colonization screen,virulence|ks10,ks10,7,7,14,mnvc,st1.75,ST1-75,37500000,0,Strain-specific fecal C. difficile CFU/g,1,7.57403126772772
Mono-colonization,Late,Mono-colonization screen,virulence|ks10,ks10,7,7,15,mnvc,st1.75,ST1-75,35000000,0,Strain-specific fecal C. difficile CFU/g,1,7.54406804435028
Mono-colonization,Late,Mono-colonization screen,virulence|ks10,ks10,7,7,16,mnvc,st1.75,ST1-75,59782608.7,0,Strain-specific fecal C. difficile CFU/g,1,7.77657486218027
Mono-colonization,Late,Mono-colonization screen,virulence|ks10,ks10,7,7,17,mnvc,st1.75,ST1-75,500000000,0,Strain-specific fecal C. difficile CFU/g,1,8.69897000433602
Mono-colonization,Late,Mono-colonization screen,virulence|ks10,ks10,7,7,18,mnvc,st1.75,ST1-75,55555555.56,0,Strain-specific fecal C. difficile CFU/g,1,7.74472749493144
Mono-colonization,Late,Mono-colonization screen,virulence|ks10,ks10,7,7,19,mnvc,st1.75,ST1-75,117105263.2,0,Strain-specific fecal C. difficile CFU/g,1,8.06857641452027
Mono-colonization,Late,Mono-colonization screen,virulence|ks10,ks10,7,7,20,mnvc,st1.75,ST1-75,42205882.35,0,Strain-specific fecal C. difficile CFU/g,1,7.62537298399749
Mono-colonization,Late,Mono-colonization screen,virulence|ks11,ks11,7,7,1,mnvc,st1.6,ST1-6,40740740.74,0,Strain-specific fecal C. difficile CFU/g,1,7.61002892099134
Mono-colonization,Late,Mono-colonization screen,virulence|ks11,ks11,7,7,2,mnvc,st1.6,ST1-6,55263157.89,0,Strain-specific fecal C. difficile CFU/g,1,7.74243569807988
Mono-colonization,Late,Mono-colonization screen,virulence|ks11,ks11,7,7,3,mnvc,st1.6,ST1-6,46296296.3,0,Strain-specific fecal C. difficile CFU/g,1,7.66554624888381
Mono-colonization,Late,Mono-colonization screen,virulence|ks11,ks11,7,7,4,mnvc,st1.6,ST1-6,20212765.96,0,Strain-specific fecal C. difficile CFU/g,1,7.30562574740799
Mono-colonization,Late,Mono-colonization screen,virulence|ks11,ks11,7,7,5,mnvc,st1.6,ST1-6,36458333.33,0,Strain-specific fecal C. difficile CFU/g,1,7.561796811271
Mono-colonization,Late,Mono-colonization screen,virulence|ks11,ks11,7,7,16,mnvc,st1.68,ST1-68,250000000,0,Strain-specific fecal C. difficile CFU/g,1,8.39794000867204
Mono-colonization,Late,Mono-colonization screen,virulence|ks11,ks11,7,7,17,mnvc,st1.68,ST1-68,53787878.79,0,Strain-specific fecal C. difficile CFU/g,1,7.73068441753035
Mono-colonization,Late,Mono-colonization screen,virulence|ks11,ks11,7,7,18,mnvc,st1.68,ST1-68,69318181.82,0,Strain-specific fecal C. difficile CFU/g,1,7.84084716287199
Mono-colonization,Late,Mono-colonization screen,virulence|ks11,ks11,7,7,19,mnvc,st1.68,ST1-68,98275862.07,0,Strain-specific fecal C. difficile CFU/g,1,7.99244686211413
Mono-colonization,Late,Mono-colonization screen,virulence|ks11,ks11,7,7,20,mnvc,st1.68,ST1-68,10425531.91,0,Strain-specific fecal C. difficile CFU/g,1,7.01809822188894
Mono-colonization,Late,Mono-colonization screen,virulence|ks11,ks11,7,7,11,mnvc,st1.75,ST1-75,294565217.4,0,Strain-specific fecal C. difficile CFU/g,1,8.46918146354167
Mono-colonization,Late,Mono-colonization screen,virulence|ks11,ks11,7,7,12,mnvc,st1.75,ST1-75,221111111.1,0,Strain-specific fecal C. difficile CFU/g,1,8.34461056694856
Mono-colonization,Late,Mono-colonization screen,virulence|ks11,ks11,7,7,13,mnvc,st1.75,ST1-75,91891891.89,0,Strain-specific fecal C. difficile CFU/g,1,7.96327719296632
Mono-colonization,Late,Mono-colonization screen,virulence|ks11,ks11,7,7,14,mnvc,st1.75,ST1-75,175000000,0,Strain-specific fecal C. difficile CFU/g,1,8.24303804868629
Mono-colonization,Late,Mono-colonization screen,virulence|ks11,ks11,7,7,15,mnvc,st1.75,ST1-75,188524590.2,0,Strain-specific fecal C. difficile CFU/g,1,8.27536800542593
Mono-colonization,Late,Mono-colonization screen,virulence|ks11,ks11,7,7,16,mnvc,st1.75,ST1-75,470588235.3,0,Strain-specific fecal C. difficile CFU/g,1,8.6726410656191
Mono-colonization,Late,Mono-colonization screen,virulence|ks11,ks11,7,7,17,mnvc,st1.75,ST1-75,430882352.9,0,Strain-specific fecal C. difficile CFU/g,1,8.63435870760637
Mono-colonization,Late,Mono-colonization screen,virulence|ks11,ks11,7,7,18,mnvc,st1.75,ST1-75,241346153.8,0,Strain-specific fecal C. difficile CFU/g,1,8.38264038209921
Mono-colonization,Late,Mono-colonization screen,virulence|ks11,ks11,7,7,19,mnvc,st1.75,ST1-75,80303030.3,0,Strain-specific fecal C. difficile CFU/g,1,7.90473193404253
Mono-colonization,Late,Mono-colonization screen,virulence|ks11,ks11,7,7,20,mnvc,st1.75,ST1-75,100000000,0,Strain-specific fecal C. difficile CFU/g,1,8
Mono-colonization,Late,Mono-colonization screen,virulence|ks15,ks15,7,7,13,mnvc,st1.75,ST1-75,53846153.85,0,Strain-specific fecal C. difficile CFU/g,1,7.73115468773844
Mono-colonization,Late,Mono-colonization screen,virulence|ks15,ks15,7,7,14,mnvc,st1.75,ST1-75,206896551.7,0,Strain-specific fecal C. difficile CFU/g,1,8.31575325243402
Mono-colonization,Late,Mono-colonization screen,virulence|ks15,ks15,7,7,15,mnvc,st1.75,ST1-75,63333333.33,0,Strain-specific fecal C. difficile CFU/g,1,7.80163234621031
Mono-colonization,Late,Mono-colonization screen,virulence|ks15,ks15,7,7,16,mnvc,st1.75,ST1-75,157894736.8,0,Strain-specific fecal C. difficile CFU/g,1,8.19836765365102
Mono-colonization,Late,Mono-colonization screen,virulence|ks15,ks15,7,7,17,mnvc,st1.75,ST1-75,51351351.35,0,Strain-specific fecal C. difficile CFU/g,1,7.7105518768744
Mono-colonization,Late,Mono-colonization screen,virulence|ks15,ks15,7,7,18,mnvc,st1.75,ST1-75,109090909.1,0,Strain-specific fecal C. difficile CFU/g,1,8.03778856092559
Mono-colonization,Late,Mono-colonization screen,virulence|ks15,ks15,7,7,19,mnvc,st1.75,ST1-75,103448275.9,0,Strain-specific fecal C. difficile CFU/g,1,8.01472325697995
Mono-colonization,Late,Mono-colonization screen,virulence|ks15,ks15,7,7,20,mnvc,st1.75,ST1-75,295454545.5,0,Strain-specific fecal C. difficile CFU/g,1,8.47049067588746
Mono-colonization,Late,Mono-colonization screen,virulence|ks15,ks15,7,7,21,mnvc,st1.75,ST1-75,407407407.4,0,Strain-specific fecal C. difficile CFU/g,1,8.61002892099134
Mono-colonization,Late,Mono-colonization screen,virulence|ks15,ks15,7,7,22,mnvc,st1.75,ST1-75,114285714.3,0,Strain-specific fecal C. difficile CFU/g,1,8.05799194703197
Mono-colonization,Late,Mono-colonization screen,virulence|ks15,ks15,7,7,23,mnvc,st1.75,ST1-75,125000000,0,Strain-specific fecal C. difficile CFU/g,1,8.09691001300806
Mono-colonization,Late,Mono-colonization screen,virulence|ks15,ks15,7,7,24,mnvc,st1.75,ST1-75,214285714.3,0,Strain-specific fecal C. difficile CFU/g,1,8.33099321907038
Mono-colonization,Late,Mono-colonization screen,virulence|ks2,ks2,7,7,31,mnvc,st1.49,ST1-49,34259259.26,0,Strain-specific fecal C. difficile CFU/g,1,7.53477796858944
Mono-colonization,Late,Mono-colonization screen,virulence|ks2,ks2,7,7,32,mnvc,st1.49,ST1-49,25000000,0,Strain-specific fecal C. difficile CFU/g,1,7.39794000867204
Mono-colonization,Late,Mono-colonization screen,virulence|ks2,ks2,7,7,33,mnvc,st1.49,ST1-49,25694444.44,0,Strain-specific fecal C. difficile CFU/g,1,7.40983923189662
Mono-colonization,Late,Mono-colonization screen,virulence|ks2,ks2,7,7,34,mnvc,st1.49,ST1-49,100000000,0,Strain-specific fecal C. difficile CFU/g,1,8
Mono-colonization,Late,Mono-colonization screen,virulence|ks2,ks2,7,7,35,mnvc,st1.49,ST1-49,183098591.5,0,Strain-specific fecal C. difficile CFU/g,1,8.26268500347084
Mono-colonization,Late,Mono-colonization screen,virulence|ks25,ks25,7,7,11,mnvc,st1.75,ST1-75,NaN,0,Strain-specific fecal C. difficile CFU/g,0,NaN
Mono-colonization,Late,Mono-colonization screen,virulence|ks25,ks25,7,7,12,mnvc,st1.75,ST1-75,NaN,0,Strain-specific fecal C. difficile CFU/g,0,NaN
Mono-colonization,Late,Mono-colonization screen,virulence|ks25,ks25,7,7,13,mnvc,st1.75,ST1-75,NaN,0,Strain-specific fecal C. difficile CFU/g,0,NaN
Mono-colonization,Late,Mono-colonization screen,virulence|ks25,ks25,7,7,14,mnvc,st1.75,ST1-75,NaN,0,Strain-specific fecal C. difficile CFU/g,0,NaN
Mono-colonization,Late,Mono-colonization screen,virulence|ks25,ks25,7,7,15,mnvc,st1.75,ST1-75,NaN,0,Strain-specific fecal C. difficile CFU/g,0,NaN
Mono-colonization,Late,Mono-colonization screen,virulence|ks4,ks4,7,7,3,mnvc,st1.75,ST1-75,126595744.7,0,Strain-specific fecal C. difficile CFU/g,1,8.10241910785852
Mono-colonization,Late,Mono-colonization screen,virulence|ks4,ks4,7,7,4,mnvc,st1.75,ST1-75,127118644.1,0,Strain-specific fecal C. difficile CFU/g,1,8.10420925185958
Mono-colonization,Late,Mono-colonization screen,virulence|ks4,ks4,7,7,5,mnvc,st1.75,ST1-75,84482758.62,0,Strain-specific fecal C. difficile CFU/g,1,7.92676808646203
Mono-colonization,Late,Mono-colonization screen,virulence|ks4,ks4,7,7,6,mnvc,st1.75,ST1-75,85937500,0,Strain-specific fecal C. difficile CFU/g,1,7.93418271551036
Mono-colonization,Late,Mono-colonization screen,virulence|ks4,ks4,7,7,7,mnvc,st1.75,ST1-75,58333333.33,0,Strain-specific fecal C. difficile CFU/g,1,7.76591679394182
Mono-colonization,Late,Mono-colonization screen,virulence|ks4,ks4,7,7,16,none,st1.75,ST1-75,0,0,Strain-specific fecal C. difficile CFU/g,0,NaN
Mono-colonization,Late,Mono-colonization screen,virulence|ks4,ks4,7,7,17,none,st1.75,ST1-75,0,0,Strain-specific fecal C. difficile CFU/g,0,NaN
Mono-colonization,Late,Mono-colonization screen,virulence|ks4,ks4,7,7,18,none,st1.75,ST1-75,0,0,Strain-specific fecal C. difficile CFU/g,0,NaN
Mono-colonization,Late,Mono-colonization screen,virulence|ks4,ks4,7,7,19,none,st1.75,ST1-75,0,0,Strain-specific fecal C. difficile CFU/g,0,NaN
Mono-colonization,Late,Mono-colonization screen,virulence|ks4,ks4,7,7,20,none,st1.75,ST1-75,0,0,Strain-specific fecal C. difficile CFU/g,0,NaN
Mono-colonization,Late,Mono-colonization screen,virulence|ks6,ks6,6,6,1,mnvc,st1.6,ST1-6,42424242.42,0,Strain-specific fecal C. difficile CFU/g,1,7.62761409575692
Mono-colonization,Late,Mono-colonization screen,virulence|ks6,ks6,6,6,2,mnvc,st1.6,ST1-6,13000000,0,Strain-specific fecal C. difficile CFU/g,1,7.11394335230684
Mono-colonization,Late,Mono-colonization screen,virulence|ks6,ks6,6,6,3,mnvc,st1.6,ST1-6,17021276.6,0,Strain-specific fecal C. difficile CFU/g,1,7.2309921291648
Mono-colonization,Late,Mono-colonization screen,virulence|ks6,ks6,6,6,19,mnvc,st1.68,ST1-68,130000000,0,Strain-specific fecal C. difficile CFU/g,1,8.11394335230684
Mono-colonization,Late,Mono-colonization screen,virulence|ks6,ks6,6,6,20,mnvc,st1.68,ST1-68,58064516.13,0,Strain-specific fecal C. difficile CFU/g,1,7.76391081127627
Mono-colonization,Late,Mono-colonization screen,virulence|ks6,ks6,6,6,21,mnvc,st1.68,ST1-68,79411764.71,0,Strain-specific fecal C. difficile CFU/g,1,7.89988484713925
Mono-colonization,Late,Co-infection screen,protection|ks52,ks52,7,7,19,4mnvc,st1.68,ST1-68,104761904.8,0,Strain-specific fecal C. difficile CFU/g,1,8.02020338624621
Mono-colonization,Late,Co-infection screen,protection|ks52,ks52,7,7,20,4mnvc,st1.68,ST1-68,155737704.9,0,Strain-specific fecal C. difficile CFU/g,1,8.19239377022779
Mono-colonization,Late,Co-infection screen,protection|ks52,ks52,7,7,21,4mnvc,st1.68,ST1-68,224137931,0,Strain-specific fecal C. difficile CFU/g,1,8.35051535867708
Mono-colonization,Late,Co-infection screen,protection|ks57,ks57,7,7,1,3mnvc,st1.6,ST1-6,17391304.35,0,Strain-specific fecal C. difficile CFU/g,1,7.24033215536466
Mono-colonization,Late,Co-infection screen,protection|ks57,ks57,7,7,2,3mnvc,st1.6,ST1-6,13157894.74,0,Strain-specific fecal C. difficile CFU/g,1,7.11918640782344
Mono-colonization,Late,Co-infection screen,protection|ks57,ks57,7,7,3,3mnvc,st1.6,ST1-6,55813953.49,0,Strain-specific fecal C. difficile CFU/g,1,7.74674278614469
Mono-colonization,Late,Co-infection screen,protection|ks58,ks58,6,6,13,3mnvc,st1.49,ST1-49,157142857.1,0,Strain-specific fecal C. difficile CFU/g,1,8.19629464502552
Mono-colonization,Late,Co-infection screen,protection|ks58,ks58,6,6,14,3mnvc,st1.49,ST1-49,71428571.43,0,Strain-specific fecal C. difficile CFU/g,1,7.85387196433045
Mono-colonization,Late,Co-infection screen,protection|ks58,ks58,6,6,15,3mnvc,st1.49,ST1-49,22058823.53,0,Strain-specific fecal C. difficile CFU/g,1,7.34358234636103
