Strain,Mono_Disease_Effect,Mono_Disease_CI_Lower,Mono_Disease_CI_Upper,Mono_P_Value,Mono_Q_Value,Mono_N_Animals,Mono_N_Experiments,Mono_N_Death_or_Humane_Endpoint_Events,Protection_Effect,Protection_CI_Lower,Protection_CI_Upper,Protection_P_Value,Protection_Q_Value,Protection_N_Animals,Protection_N_Experiments,Protection_N_Death_or_Humane_Endpoint_Events,Disease_Rank
ST1-2,13.1612644601437,10.1311906694599,16.1913382508274,2.4809076938037e-17,2.06742307816975e-16,15,4,4,0.812657148485705,-5.54943235784422,7.17474665481563,0.802090562078963,0.802090562078963,3,1,1,1
ST1-53,11.2205034507618,6.91716366691156,15.5238432346119,3.3667097926825e-07,1.20239635452946e-06,6,2,1,0.936424390931348,-5.26310374463129,7.13595252649398,0.766935249114586,0.802090562078963,3,1,0,2
ST1-66,9.6776675031675,5.41591473977769,13.9394202665573,8.77827979285169e-06,2.43841105356991e-05,6,2,0,4.27477286593139,-1.92475526963124,10.474301001494,0.17628407055378,0.253408351421058,3,1,0,3
ST1-11,9.15381878609817,6.03850034264917,12.2691372295472,9.13386017787419e-09,3.80577507411425e-08,13,3,1,5.33108752468137,-0.868440610881262,11.530615660244,0.0918110064926263,0.150832367809315,3,1,0,4
ST1-12,7.76117891045935,5.59925504752124,9.92310277339746,2.35593159939219e-12,1.47245724962012e-11,44,6,5,4.33210086093138,-1.86742727463125,10.531628996494,0.170562097011395,0.253408351421058,3,1,0,5
ST1-62,7.68738575429846,3.70003538115406,11.6747361274429,0.000159578709397737,0.000362678884994858,7,2,0,6.16586409884804,-0.0336640367145948,12.3653922344107,0.0512541422773856,0.0906804055676822,3,1,0,6
ST1-58,7.46615355464188,4.36283190088065,10.5694752084031,2.49251823366418e-06,7.78911948020057e-06,13,3,0,2.90157248512764,-3.5623889336636,9.36553390391888,0.37852453462114,0.512121429193307,3,1,1,7
ST1-69,7.3118674010842,3.0501146376944,11.573620164474,0.000777255184699972,0.00161928163479161,6,2,0,7.87154121093136,1.67201307536873,14.071069346494,0.012890023928526,0.0296470550356098,3,1,0,8
ST1-63,6.31572650780295,2.54726756750912,10.0841854480968,0.00102695822511931,0.00197491966369099,8,2,0,6.88787849426473,0.688350358702093,13.0874066298274,0.0294813542510942,0.0565059289812639,3,1,0,9
ST1-65,4.9593497389003,2.56756688218452,7.35113259561608,4.9068716867755e-05,0.000122671792169387,28,4,1,6.90605023134799,0.706522095785355,13.1055783669106,0.0290567122802855,0.0565059289812639,3,1,0,10
ST1-19,3.69039599031497,0.587074336553734,6.7937176440762,0.0197820092641384,0.0329700154402307,13,3,0,2.63833524343136,-3.56119289213127,8.837863378994,0.403773801709036,0.515933191072657,3,1,0,11
ST1-49,3.22892562545923,-0.539533314834592,6.99738456575306,0.0930572895303735,0.136848955191726,8,2,0,11.1663437684314,4.96681563286874,17.365871903994,0.000429880155245165,0.0016478739284398,3,1,0,12
ST1-25,2.93916936540235,-0.371458508956003,6.24979723976071,0.0818306753778626,0.12786043027791,11,3,0,12.2436316455147,6.04410350995206,18.4431597810773,0.000114412598363382,0.000877163254119264,3,1,0,13
ST1-57,2.07452334619777,-1.23610452816058,5.38515122055613,0.219302940908807,0.298608080379006,11,3,0,11.631765136348,5.4322370007854,17.8312932719107,0.000245781663276949,0.00113059565107397,3,1,0,14
ST1-67,2.04055268812965,-1.27007518622871,5.351180562488,0.226942141088045,0.298608080379006,11,3,0,10.4816007505147,4.28207261495209,16.6811288860774,0.000944409712167288,0.00241349148664974,3,1,0,15
ST1-68,0.973380090743244,-2.33724778361511,4.2840079651016,0.564332665213065,0.641287119560301,11,3,0,-1.46683029852839,-8.05252411055099,5.11886351349421,0.662091632625388,0.761405377519196,3,1,1,16
ST1-27,-0.150637491704294,-3.25395914546553,2.95268416205694,0.924182847218652,0.924182847218652,13,3,0,10.6833990959314,4.48387096036875,16.882927231494,0.000752196812604872,0.00216256583623901,3,1,0,17
ST1-23,-0.259059471800419,-3.36238112556165,2.84426218196081,0.869997083753938,0.906246962243685,13,3,0,10.8618128659314,4.66228473036872,17.061341001494,0.000613237282080456,0.00201492249826435,3,1,0,18
ST1-75,-0.548657344341182,-2.55193907173428,1.45462438305192,0.59130877062002,0.642726924586978,62,7,0,14.3128453106932,11.2289126088512,17.3967780125353,6.15435739564344e-19,1.41550220099799e-17,21,7,0,19
ST1-6,-1.24262124471123,-4.55324911906959,2.06800662964712,0.461824488577939,0.54979105783088,11,3,0,16.3145634605147,10.1150353249521,22.5140915960774,3.01185679492807e-07,3.46363531416728e-06,3,1,0,20
ST1-20,-1.66701697603124,-4.77033862979247,1.43630467772999,0.292313939561364,0.365392424451705,13,3,0,11.645803467598,5.44627533203539,17.8453316031607,0.000241598638299158,0.00113059565107397,3,1,0,21
