Analysis,Day,Feature,ST1_75_Mean,ST1_12_Mean,ST1_75_SD,ST1_12_SD,Effect_Size,P_Value,Q_Value,N_ST1_75,N_ST1_12
Residual_Shannon,0,"Residual microbiota Shannon",0.737987521391174,0.619545456440516,0.398522912665943,0.487833639040013,0.118442064950658,0.785714285714286,1,5,3
Residual_BrayCurtis,0,"Residual Bray-Curtis R2 0.365, F 3.45",NaN,NaN,NaN,NaN,NaN,0.087,0.244897959183673,0,0
Residual_Shannon,1,"Residual microbiota Shannon",1.16814541775979,0.637231780665358,0.336308031441732,0.331752739511832,0.530913637094429,0.0555555555555556,0.244897959183673,5,5
Residual_BrayCurtis,1,"Residual Bray-Curtis R2 0.312, F 3.63",NaN,NaN,NaN,NaN,NaN,0.078,0.244897959183673,0,0
Residual_Shannon,2,"Residual microbiota Shannon",1.45911898327809,1.06159406307608,0.221611213042249,0.133545143980002,0.397524920202014,0.0317460317460317,0.244897959183673,5,4
Residual_BrayCurtis,2,"Residual Bray-Curtis R2 0.158, F 1.32",NaN,NaN,NaN,NaN,NaN,0.277,0.506493506493506,0,0
Residual_Shannon,7,"Residual microbiota Shannon",1.71946551608224,1.50919548072492,0.16208295568742,0.186289169107516,0.210270035357329,0.150793650793651,0.339285714285714,5,5
Residual_BrayCurtis,7,"Residual Bray-Curtis R2 0.251, F 2.68",NaN,NaN,NaN,NaN,NaN,0.044,0.244897959183673,0,0
Residual_Top_Genus,1,"Enterococcus",30.4329175600098,61.5113005698637,26.0969590872297,27.5155641726532,-31.0783830098539,0.0952380952380952,0.244897959183673,5,5
Residual_Top_Genus,1,"Bacteroides",42.856358249021,19.8426495771247,12.0805122935679,27.3470834358862,23.0137086718963,0.30952380952381,0.506493506493506,5,5
Residual_Top_Genus,1,"Lactobacillus",13.7596368248519,17.7795188989341,10.2236906284634,18.7034363680676,-4.01988207408213,1,1,5,5
Residual_Top_Genus,1,"Akkermansia",7.47225902899487,0.184504162420825,9.31990420663517,0.266067424230095,7.28775486657405,0.46031746031746,0.69047619047619,5,5
Residual_Top_Genus,1,"Parasutterella",3.1971407551963,0.00256996455287455,2.95445499546414,0.00421886962518859,3.19457079064343,0.285714285714286,0.506493506493506,5,5
Residual_Top_Genus,1,"Turicibacter",2.24202148255679,0.453583775367432,4.4887037271294,0.771459163520194,1.78843770718936,0.53968253968254,0.747252747252747,5,5
Residual_Top_Genus,1,"Other",0.0297196729317971,0.214436454369576,0.0308241606124327,0.228710299634804,-0.184716781437778,0.0952380952380952,0.244897959183673,5,5
Residual_Top_Genus,1,"unclassified_Muribaculaceae_ASV_4",0.00908908761717509,0.00635942459033329,0.0146721361239774,0.0102351754770078,0.0027296630268418,0.841269841269841,1,5,5
Residual_Top_Genus,1,"ClostridiumSensuStricto1",0,0.00250720822364297,0,0.00560628802181218,-0.00250720822364297,1,1,5,5
Residual_Top_Genus,1,"LachnospiraceaeNK4A136Group",0,0.00194316249696381,0,0.00434504343453931,-0.00194316249696381,1,1,5,5
