Metabolite,MeanBlankCorrectedSignal,StandardErrorAdjustedForStrainAndBatch,OneSidedT,ResidualDf,OneSidedP,BenjaminiHochbergQ,IncludedInPlsDa
Lactate,209278.312947227,11767.6363748767,17.784226694328,8,5.11499801403303e-08,1.84139928505189e-07,1
Alanine,1510431.7614112,68285.2679842851,22.1194381452644,8,9.21795584307716e-09,5.97004146118962e-08,1
Valine,1540492.12928248,89189.9232985924,17.2720423149729,8,6.42769205638771e-08,1.92830761691631e-07,1
Leucine,-139846.333333333,1.26023282614833e-11,-1.10968648357421e+16,8,1,1,0
Glycine,247619.030919576,16978.479091269,14.5842881207723,8,2.3953184580261e-07,6.15939032063853e-07,1
Serine,-3009527.5080624,18253.7885236926,-164.871391172093,8,0.999999999999999,1,0
Threonine,-15930.2630103951,121.913121475594,-130.66897818365,8,0.999999999999993,1,0
Methionine,28082.8545154496,3538.73597421901,7.9358433972027,8,2.31359729879754e-05,3.61141425935796e-05,1
Oxoproline,2962197.17063198,140252.449311975,21.1204665955096,8,1.32667588026436e-08,5.97004146118962e-08,1
Aspartate,114637.906271183,5392.27448904164,21.2596570341798,8,1.25980266219017e-08,5.97004146118962e-08,1
Cysteine,4338.45989901526,549.731710074441,7.89195860363918,8,2.40760950623864e-05,3.61141425935796e-05,1
Lysine,4179643.73236979,403961.725029224,10.346633043186,8,3.28889844780633e-06,6.57779689561266e-06,1
Tyrosine,140068.923815682,12153.2760895545,11.5251988668363,8,1.45720100164226e-06,3.27870225369509e-06,1
Tryptophan,253291.353477218,27705.5438114553,9.14226247284453,8,8.2553662597018e-06,1.48596592674632e-05,1
Isoleucine,-90655.5721200856,4428.02552472194,-20.4731367545083,8,0.999999983050815,1,0
Proline,-6823574.00295975,380085.344450543,-17.9527416739101,8,0.999999952488334,1,0
Glutamate,4127906.46139764,126514.500058875,32.6279316558709,8,4.24390744768743e-10,7.63903340583738e-09,1
Phenylalanine,880746.777909504,139969.33184609,6.2924268215981,8,0.000117347627934361,0.000162481330986038,1
