Analysis,N,AA_Effect,CI_Lower,CI_Upper,Approx_LRT_P,LRT,Delta_AICc,Null_Phylo_Fraction,Full_Phylo_Fraction,Null_Residual_Variance,Full_Residual_Variance,Approx_Wald_P
masked_new22,21,0.475219976886862,0.141872412648059,0.808567541125664,0.00615998209412416,7.50289715374396,-4.00289715374396,0,0,2.77178675351461,0,0.00776819323401456
unmasked_new22,21,0.475219976886862,0.141872412648059,0.808567541125664,0.00615998209412416,7.50289715374396,-4.00289715374396,0,0,2.77178675351461,0,0.00776819323401456
masked_new22_common,21,0.475219976886862,0.141872412648059,0.808567541125664,0.00615998209412416,7.50289715374396,-4.00289715374396,0,0,2.77178675351461,0,0.00776819323401456
masked_old22_common,21,0.475219976886862,0.141872412648059,0.808567541125664,0.00615998209412416,7.50289715374396,-4.00289715374396,0,0,2.77178675351461,0,0.00776819323401456
unsupported_branches_collapsed,21,0.475219976886862,0.141872412648059,0.808567541125664,0.00615998209412416,7.50289715374396,-4.00289715374396,0,0,2.77178675351461,0,0.00776819323401456
no_phylogenetic_component,21,0.475219976886862,0.141872412648059,0.808567541125664,0.00615998209412416,7.50289715374396,-4.41466185962631,0,0,2.77178675351461,0,0.00776819323401456
forced_Brownian_component,21,0.475219976886862,0.141872412648059,0.808567541125664,0.00566114090635577,7.65512052860302,-4.56688523448537,1,1,4.11272606419944,0,0.00776819323401456
without_score_sampling_covariance,21,0.518241068148354,0.114220866951886,0.922261269344822,0.0125096052362547,6.23717229532019,-2.73717229532019,0,0,11.4171878177378,8.48340344328134,0.0148119551229574
strict_Brownian_without_sampling_error,21,0.268024087020565,-0.0361152106059361,0.572163384647066,0.0747624787757708,3.17523451138069,-0.0869992172630418,1,1,45.4661010155555,39.0860400885785,0.0805829269765188
