Tree,Trait,Rho,PValue,FocalPatristicDistance,Permutations
masked_new22,Total PM1 call breadth,0.0706807565176039,0.471452854714529,1.35307e-05,10000
masked_new22,Co-infection protection effect,0.238235031181208,0.0091990800919908,1.35307e-05,10000
masked_new22,Mono-colonization disease effect,0.182885221203048,0.0251974802519748,1.35307e-05,10000
masked_new22,Amino-acid relative access,0.191468220179677,0.0262973702629737,1.35307e-05,10000
unmasked_new22,Total PM1 call breadth,0.119882030285463,0.295370462953705,6.37032e-05,10000
unmasked_new22,Co-infection protection effect,0.0236277176713384,0.793520647935206,6.37032e-05,10000
unmasked_new22,Mono-colonization disease effect,0.0362320178681745,0.665133486651335,6.37032e-05,10000
unmasked_new22,Amino-acid relative access,0.0733050775414971,0.403459654034597,6.37032e-05,10000
masked_st1_same_columns,Total PM1 call breadth,0.0726082498101688,0.461453854614539,1.35307e-05,10000
masked_st1_same_columns,Co-infection protection effect,0.238045302723859,0.0094990500949905,1.35307e-05,10000
masked_st1_same_columns,Mono-colonization disease effect,0.181483918424321,0.0258974102589741,1.35307e-05,10000
masked_st1_same_columns,Amino-acid relative access,0.193895011308189,0.024997500249975,1.35307e-05,10000
masked_new22_common,Total PM1 call breadth,0.0707337161667184,0.469453054694531,1.3572e-05,10000
masked_new22_common,Co-infection protection effect,0.238178263000043,0.0090990900909909,1.3572e-05,10000
masked_new22_common,Mono-colonization disease effect,0.183177317037943,0.0247975202479752,1.3572e-05,10000
masked_new22_common,Amino-acid relative access,0.191437536571399,0.0263973602639736,1.3572e-05,10000
masked_old22_common,Total PM1 call breadth,0.0707337161667184,0.469453054694531,1.3572e-05,10000
masked_old22_common,Co-infection protection effect,0.238178263000043,0.0090990900909909,1.3572e-05,10000
masked_old22_common,Mono-colonization disease effect,0.183177317037943,0.0247975202479752,1.3572e-05,10000
masked_old22_common,Amino-acid relative access,0.191437536571399,0.0263973602639736,1.3572e-05,10000
